20.16,20.415,20.1,20.23,11809037
20.17,20.2675,19.92,20.05,7734603
20.07,20.2,19.83,20.01,13505157
19.97,20.58,19.92,20.57,14626705
20.48,20.51,20.29,20.4,11822617
20.44,20.45,19.95,20.01,10544273
20.01,20.48,20,20.36,10666294
20.4,20.65,20.02,20.24,22447681
20.79,20.88,20,20.19,20746190
20.28,20.51,19.95,20.5,11692236
20.18,20.24,19.09,19.11,29265301
19.15,19.77,19.09,19.75,22473296
19.63,20.26,19.59,20.14,13049070
20.02,20.42,20,20.16,9692863
19.95,19.96,19.4159,19.67,13281564
19.61,19.75,19.23,19.49,9423139
19.61,19.72,19.41,19.5,8043341
19.71,19.97,19.52,19.74,9202925
19.81,20.86,19.55,20.85,18200652
20.9,21.37,20.59,21.33,18669990
21.2,21.69,21.011,21.46,11113023
21.48,21.63,21.25,21.49,11530647
21.43,21.685,21.29,21.4,7199873
21.42,22.665,21.42,22.52,20105347
22.47,22.97,22.16,22.46,19055096
21.97,22.67,21.95,22.17,14283752
21.79,21.95,20.7894,21.04,20573643
20.56,21.03,20.52,20.88,16516627
20.79,21.15,20.65,20.66,11133678
20.82,20.9158,20.26,20.39,8897015
20.54,20.8,20.24,20.35,8646458
20.37,20.77,20.23,20.73,9289690
20.62,20.67,20.379,20.53,7833593
20.44,20.53,20.2,20.41,16496062
20.4,20.644,20.26,20.35,10051460
20.42,20.5,19.82,19.96,10484627
19.9,19.94,19.11,19.18,12886261
19.16,19.43,18.91,19.32,8601151
19.12,19.88,19.03,19.75,11556202
19.75,19.94,19.44,19.75,9363143
19.77,20.29,19.5601,20.14,9301598
20.24,20.55,20.19,20.36,7916622
20.36,20.36,19.96,20.14,6344093
19.97,20.07,19.58,19.68,10130536
19.4,19.41,18.93,18.93,10185029
19.17,19.42,18.55,19.06,9939744
18.81,18.9,18.41,18.47,13120742
18.51,19.13,18.21,18.96,10323656
18.96,18.99,18.39,18.59,10199427
18.59,18.79,18.34,18.6,7248794
18.66,18.96,18.52,18.94,7591301
18.98,19.34,18.97,19.29,6278260
19.43,19.635,19.2,19.28,7097300
19.24,19.3,18.83,19.25,6428415
19.27,19.56,19.04,19.33,6251822
19.36,19.54,18.99,19.54,9473736
19.9,19.98,18.86,19.19,16337312
19.21,19.39,18.85,19.15,9082226
19.22,19.5,19.03,19.25,10984658
19.23,19.53,19.13,19.44,9623853
19.45,19.55,18.92,19.13,9637052
19.19,19.44,19.12,19.19,9969278
19.18,19.76,19.15,19.58,10794822
19.53,20.25,19.29,20.15,11377117
20.15,20.62,20.06,20.56,19322470
20.56,20.96,20.51,20.76,10013432
20.68,20.76,20.47,20.66,7316455
20.24,20.33,19.78,19.89,16391231
20.01,20.42,19.9,20.27,9760068
20.45,21.15,20.27,20.8,14887841
20.97,21.2,20.815,20.85,12464312
21.3,21.63,20.95,21.1,26212053
20.85,21.78,20.56,21.66,21233027
21.49,21.69,21.15,21.67,10706034
21.9,22.3,21.83,22.16,15653066
22.02,22.86,22.02,22.58,15576457
22.57,22.72,22.33,22.53,15440934
22.67,22.72,21.84,21.84,23248557
21.98,22.2,21.6,22.18,12169262
22.16,22.28,21.5,21.72,13157087
21.65,21.72,21.37,21.52,12746960
21.52,21.68,21.19,21.67,12217788
21.78,22.14,21.55,22,7418667
22.08,22.13,21.7399,21.92,10177561
21.64,21.64,21.29,21.3,13294660
21.5,21.52,20.94,21.08,11888754
21.01,21.12,20.81,21,18245174
21.02,21.29,20.5,20.68,11105310
20.89,21.18,20.89,21.04,10767395
21.08,21.38,21.04,21.25,7217021
21.24,21.44,20.79,20.8,8180479
20.53,20.53,19.85,20.08,13308461
20.23,20.32,19.8,20.22,10920211
19.83,19.907,19.32,19.6,10367821
19.81,19.92,19.61,19.79,7990520
20.08,20.671,20.08,20.37,12956344
20.46,20.9,20.46,20.58,15577125
20.48,20.57,20.14,20.38,11874843
20.46,20.85,20.295,20.77,7413340
20.77,21.04,20.685,20.92,6545232
20.9,21.17,20.84,21.01,7458028
21.11,21.24,20.86,21.04,8187486
21.16,21.24,20.9,20.93,6285815
20.96,21.2,20.89,21.14,9081636
21.15,21.7,21.15,21.4,8311649
21.61,21.65,21.07,21.29,6912896
21.3,21.49,21.11,21.24,4683866
21.33,21.77,21.185,21.68,8811157
21.57,21.91,21.57,21.75,6692641
21.8,21.94,21.68,21.75,5478377
21.86,22.48,21.86,22.33,8127734
22.42,22.59,22.1,22.58,7705944
22.55,22.57,22.21,22.4,9649499
22.41,22.64,22.3,22.32,5392275
22.38,22.54,22.0899,22.2,5695547
22.2,22.64,22.125,22.59,7562629
22.44,22.86,22.34,22.85,8422311
22.73,22.83,22.61,22.75,6974305
22.76,23.06,22.63,23.05,10169036
23.16,23.54,23.1,23.3,15875852
24.06,25.2,24.02,24.95,35156105
24.86,25.3,24.75,24.95,20075118
24.93,25.64,24.79,25.48,10875368
25.48,25.59,24.855,25.15,10852205
24.85,24.9,24.385,24.85,16730526
25.02,25.19,24.652,25.01,9381899
25.03,25.195,24.85,25,9349867
24.89,25.27,24.88,25.02,6651218
25.05,25.23,24.94,25.03,9071804
25,25.09,24.8901,24.91,9648319
24.69,25.08,24.53,24.99,8975525
24.94,25.3,24.865,25,14650430
25.58,25.58,24.74,24.77,9131064
24.77,25.5,24.76,25.26,11138530
24.65,25.5,24.65,25.25,10881176
25.33,25.67,25.135,25.51,6892004
25.59,26.26,25.3925,26.23,12479967
26.32,26.629,26.25,26.35,10571024
26.11,26.36,25.94,26.02,8381245
26.02,26.46,25.96,26.34,7628947
26.34,26.34,25.76,25.95,9647665
25.97,26.01,25.74,25.81,6928844
26.07,26.41,26.02,26.16,7290631
26.09,26.1825,26,26.12,5968569
26.18,26.24,26.02,26.17,9130184
26.21,26.38,25.93,26.03,7713551
26.1,26.5,26.1,26.4,9518175
26.48,26.53,26.04,26.34,12616909
26.4,27.29,26.37,26.89,15588178
26.93,27.06,26.57,26.92,12911913
26.91,27.07,26.57,26.67,9602166
26.86,26.94,26.47,26.52,9664579
26.61,27.27,26.58,27.16,10994710
27.15,27.45,26.88,27.3,8969711
27.28,27.46,26.84,26.9,7564898
26.97,27.1,26.53,26.58,10225155
26.52,26.64,26.3,26.38,5956353
26.41,26.66,26.16,26.38,6621774
26.4,26.68,26.34,26.5,7126194
26.6,26.64,26.07,26.41,6550308
26.23,26.405,26.07,26.21,5869941
25.92,25.995,25.63,25.88,6755222
25.83,26.58,25.83,26.24,5417168
26.13,26.32,25.83,26.17,6053160
26.09,26.27,25.86,26.18,5751882
26.26,26.67,26.07,26.5,4236683
26.16,26.57,26.11,26.27,5653453
26.3,26.53,26.03,26.05,8981749
25.93,26.245,25.65,25.99,10101051
26.25,26.5,26.15,26.41,6413775
26.13,26.7289,25.99,26.47,6828940
26.25,26.565,26.15,26.45,5113442
26.43,27.05,26.29,26.5,8584504
26.76,27.61,26.68,27.53,12607337
27.43,27.78,27.2536,27.63,9063947
28.51,28.61,28.045,28.25,25341912
28.3,28.71,27.94,28.05,8884063
27.93,28.3,27.73,28.19,10858571
28.01,28.04,27.21,27.29,10859527
27.65,28.68,27.32,28.37,12541630
28.4,28.69,28.15,28.47,8243707
28.26,28.47,28.105,28.16,7123666
28.25,28.5,28.2,28.32,6020759
28.36,28.65,27.77,28.15,7829402
28.19,28.27,27.67,27.96,6328015
27.9,28.1,27.55,28,6761733
28,29.06,27.95,28.84,11897168
28.76,28.83,28.13,28.14,9548329
28.5,28.55,26.05,26.23,30953174
26.27,26.38,25.19,25.4,19682078
25.49,26.075,25.49,25.71,10319533
25.76,25.81,25.52,25.69,8572415
25.76,25.87,25.44,25.55,8187726
25.46,25.93,25.35,25.92,11979175
25.92,26.14,25.7,25.95,7860719
26.07,26.18,25.695,25.88,7492999
25.94,26.02,25.31,25.42,9250405
25.38,25.53,25.06,25.3,12390113
25.5,25.85,25.46,25.55,7659767
25.7,26.55,25.68,26.33,9787421
26.32,26.61,25.91,26.3,6600175
26.33,26.45,25.78,26.27,7007008
26.18,26.48,26.05,26.31,4886306
26.2,26.76,26.02,26.65,13446297
26.63,27.02,26.37,26.87,4862121
26.99,27.22,26.68,26.78,10244236
26.63,27.06,26.48,27.01,7670422
27,27.26,26.92,27.1,7835261
27.07,27.17,26.87,27.05,9053607
27.23,27.34,26.29,26.48,10424391
26.54,26.6,26.27,26.38,7544130
26.41,27.1,26.41,26.81,7833219
26.81,26.85,26.35,26.44,6410647
26.52,26.87,26.485,26.73,5480447
26.65,27.05,26.46,27,5612600
27.01,27.19,26.6799,26.77,6316678
26.75,27.005,26.29,26.36,10607209
26.66,26.73,26.22,26.64,11162897
26.57,27.32,26.55,27.21,9256545
27.29,27.39,27.08,27.11,8468020
27.28,27.7,27.25,27.43,6025688
27.34,27.69,27.225,27.61,2025729
27.58,27.72,27.2,27.72,5960237
27.71,27.73,27.41,27.49,3888080
27.55,27.82,27.01,27.05,6551641
27.08,27.26,26.8,27.14,6110635
27.07,27.22,26.45,26.62,7040026
26.65,26.72,26.12,26.42,7871684
26.51,26.53,25.97,26.2,7812851
25.92,26.535,25.86,26.31,8935397
26.19,26.19,25.62,25.85,9907627
25.9,26.13,25.46,25.61,9880470
25.65,25.78,25.41,25.71,5692172
25.61,25.97,25.04,25.15,12743112
25.28,25.7,25.26,25.63,6989012
25.68,25.79,25.37,25.46,9484374
25.54,26.05,25.54,25.94,8606301
25.94,25.99,25.41,25.45,8229900
25.9,26.49,25.85,26.45,9579752
26.84,27.22,26.81,27.13,9095966
27.11,27.3,26.7,26.9,10134011
26.65,27.04,26.379,26.88,10397182
26.84,26.84,25.75,26.01,9863640
26.15,26.85,26.11,26.76,6895510
26.62,27.545,26.35,27.17,11422991
27.18,27.38,26.88,26.98,6121526
26.8,27.31,26.54,26.91,7829573
26.85,27,25.83,25.99,10180938
26.36,27.09,26.33,26.54,13458255
26.65,26.68,25.84,26.21,10755853
25.58,25.58,24.05,24.41,36134779
24.39,24.59,23.92,24.59,15600060
24.51,25.07,24.07,24.68,17017201
24.72,25.18,24.65,24.82,9382176
24.94,25.1,24.68,24.75,7465714
24.65,25.11,24.47,24.95,8514958
25.02,25.32,24.87,25.14,7373085
25.28,26.0425,25.18,25.83,14197904
25.85,26.69,25.8,26.4,12530063
26.37,26.78,26.3,26.65,7626383
26.75,26.93,26.475,26.57,6752282
26.78,27.46,26.78,27.29,11677845
27.2,27.24,26.72,26.94,10360679
26.1,26.1,24.75,25.61,27763668
25.58,25.99,25.365,25.9,9888801
25.84,26.285,25.76,25.91,11320804
25.71,26.23,25.51,25.6,10144402
25.83,25.85,25.36,25.67,9628785
25.72,25.88,25.38,25.5,11571545
25.49,25.63,25.33,25.52,6955773
25.65,25.88,25.52,25.85,6003575
25.8,25.83,25.52,25.63,7081704
25.68,25.73,25.14,25.26,6901271
25.08,25.25,24.91,25.14,6065554
25.11,25.46,24.96,25.21,15356773
25.15,25.31,24.95,25.03,6303693
25.26,25.45,24.62,24.69,10224958
24.74,24.995,24.635,24.95,5996873
25.01,25.08,24.6,24.67,5236778
24.55,24.71,24.24,24.69,7461962
24.83,25,24.59,24.67,7601038
24.74,25.08,24.64,24.71,8483863
24.87,25.26,24.815,25.23,8470290
25.29,25.45,24.81,24.82,7616607
24.85,25.84,24.8,25.81,13606299
25.91,25.98,25.45,25.67,6610125
25.72,25.72,25.13,25.62,7066353
25.71,26.16,25.66,26.13,7180843
26.15,26.75,26.09,26.45,8370500
26.42,26.96,26.42,26.62,9765026
26.72,26.95,26.32,26.59,8200779
26.57,26.57,25.76,25.97,9541899
26.01,26.355,25.97,26.13,8274712
26.14,26.38,25.93,26.37,8967035
26.24,26.839,25.95,26.45,10416626
26.29,26.43,26.05,26.16,7285893
26.37,26.89,26.24,26.72,8004142
26.64,27.31,26.59,27.17,9372508
27.35,27.5,27.1,27.49,6671613
27.5,28.37,27.34,28.17,9680027
28.05,28.585,28.03,28.52,7308787
28.5,28.72,28.1,28.46,6202197
28.46,29.25,28.38,29.02,9635508
29.1,29.48,28.88,29.22,10237384
29.14,29.2,28.71,28.8,5371662
29.03,29.04,28.405,28.76,7939286
28.94,29.43,28.9,29.08,5393206
28.93,28.96,28.57,28.75,6225460
28.81,28.98,28.39,28.42,5735351
28.42,28.72,28.13,28.28,9395823
28.06,28.44,28.05,28.31,6914095
28.36,28.67,28.24,28.35,11311615
29.5,29.84,28.1,29.61,18256645
29.46,29.9,29.05,29.14,11774763
29.07,29.86,29.01,29.81,10136956
29.88,30.36,29.73,30.33,11741026
30.34,30.48,29.93,30.04,7584796
30.12,30.12,29.16,29.23,12099641
29.22,29.25,28.22,28.99,11866346
28.35,28.37,27.3,27.64,20533369
27.96,28.08,27.55,27.96,9773431
28,28.63,27.92,28.02,9038544
28.1901,28.4,28.1,28.17,7088917
28.18,28.3,27.88,27.95,8743259
28,28.09,27.61,27.68,8589010
27.79,28.35,27.7,28.32,9396405
28.35,28.47,28.06,28.41,8707964
28.38,28.9,28.17,28.89,8779458
28.7,28.84,28.33,28.72,7043647
28.76,29.41,28.66,29.31,8911527
29.34,29.48,29.17,29.25,6963932
29.23,29.44,29.02,29.29,5893921
29.33,29.91,29.05,29.87,12664329
29.9,29.91,29.615,29.72,4684178
29.99,30,29.53,29.58,5818643
29.49,29.58,29.2,29.22,6209198
29.18,30.12,29.15,30.03,8122262
30.11,30.8,30.06,30.49,10503499
30.55,30.57,30.16,30.47,5360914
30.59,30.66,30.39,30.45,6914678
30.37,30.6,30.26,30.55,5029338
30.53,30.76,30.35,30.7,5596842
30.67,30.84,30.47,30.72,6026213
30.83,31.21,30.69,30.89,10568675
30.9,31.43,30.77,31.3,8186210
31.29,31.49,30.22,30.27,10726134
30.46,31.03,30.42,31.02,8205739
31.05,31.06,30.45,30.52,7249149
30.32,30.5799,30.2,30.4,10839291
30.43,31.1,30.37,29.39,8132836
29.7,29.92,28.93,29.24,9808771
29.31,29.44,29.05,29.25,6665120
29.28,29.53,29.11,29.5,3204281
29.36,29.4,27.96,28.14,12494212
28.02,28.65,27.61,28.61,11763084
28.57,29.33,28.53,29.31,8702555
29.08,29.245,28.7,29.02,7078745
28.99,29.09,28.14,28.18,7521750
28.26,28.57,28.19,28.26,6440560
28.19,28.36,27.22,27.46,8135234
27.68,27.96,27.54,27.84,5578150
27.69,27.965,26.78,26.82,8663153
26.96,27.18,26.84,27,5938998
26.99,26.99,26.5401,26.76,6349019
26.72,27,26.61,26.85,7459285
26.94,27.1,26.6349,27.08,6341113
27.09,27.58,26.87,27.3,8843717
27.15,27.27,26.89,27.01,6967094
27.06,27.24,26.7,26.84,8105869
26.57,27.27,26.35,27.06,10541392
26.96,27.18,26.74,27.01,9507934
26.86,26.91,26.37,26.37,8820961
26.35,26.42,25.9,26.07,6492844
26.19,26.895,25.96,26.83,9431255
26.59,26.68,25.83,26.06,12333212
25.54,26.41,25.49,26.19,13289400
26.53,26.66,25.75,25.93,8447121
26.02,26.67,25.75,26.59,6623995
26.82,26.82,26.37,26.41,5122762
26.4,26.4,25.67,25.86,6588477
25.86,26.09,25.67,25.75,5989395
25.87,25.98,25.41,25.65,6054654
25.64,25.84,25.49,25.55,8566271
25.72,25.74,25.38,25.46,5812329
25.6,26.16,25.58,26.15,9090409
25.9,26.37,25.8,26.33,5907113
26.28,26.51,25.92,26.46,5245928
26.31,26.45,26,26.02,4858961
26.25,26.8,26.16,26.74,4901371
26.76,26.91,26.41,26.46,5424853
26.41,26.7225,26.36,26.43,4796646
26.43,27.14,26.288,26.98,7550133
27.02,27.24,26.71,27.2,5180312
27.1,27.15,26.71,26.8,6701450
26.91,27.08,26.44,26.49,5757591
26.58,26.81,25.94,26.03,6389630
26,26.18,25.86,26.17,5120304
26.07,26.07,25.32,25.58,6978176
25.73,26.165,25.3801,25.59,8100599
25.52,25.59,24.92,25.53,9022449
25.25,25.37,24.7844,25.35,7490318
25.28,25.3,24.82,24.91,6495956
24.91,25.22,24.71,25.05,5331878
25.02,25.46,24.94,25.36,5406724
25.31,25.64,25.27,25.35,5304202
25.39,25.42,24.62,24.77,5588620
24.84,25,24.62,24.67,6101762
24.67,24.7,24.21,24.31,5959288
24.26,24.52,24.19,24.26,5708601
24.23,24.25,23.64,23.93,9998947
23.93,24,23.21,23.34,9525547
23.27,23.65,23.06,23.5,5562505
23.16,23.73,22.96,23.64,10228315
23.6,23.65,22.77,22.99,8149560
23.02,23.205,22.3,22.43,7161849
22.27,22.36,21.43,22.23,13222766
22.29,22.3,21.48,21.75,14443335
21.69,21.8799,21.27,21.33,13937710
21.21,21.42,20.88,20.93,10313816
20.82,20.8863,20.12,20.63,21215585
20.42,20.485,19.13,19.18,23463977
19.03,19.615,18.42,18.97,23196785
18.9,19.22,17.8,17.83,18289765
18.03,18.32,17.39,17.49,17327764
16.96,17.9,16.69,17.77,23732055
19.55,21,19.19,20.79,38748897
20.99,21.21,19.99,20.16,20883980
20.16,20.75,20.05,20.64,10405035
20.78,21.73,20.73,21.66,16580318
22.08,22.58,21.55,21.57,25914223
21.88,22.275,21.74,21.79,13924848
21.63,21.74,21.26,21.6,10028769
21.02,21.09,20.3549,20.79,11017194
20.94,21.65,20.75,21.6,7330759
21.8,22.19,21.32,21.59,7609159
23.14,23.59,22.96,23.41,11261625
21.57,22.22,21.22,22.18,9481353
22.44,22.84,21.75,21.79,14202921
21.46,21.62,20.95,21.29,10429937
22.42,23.15,22.05,22.76,15950574
22.41,22.86,21.705,22.76,13362685
22.73,24.105,22.73,23.41,17391496
23.81,24.22,22.62,22.9,10941013
22.9,23.72,22.77,23.43,11120552
23.14,23.59,22.96,23.41,11261625
23.17,23.17,22.39,22.71,14330550
22.83,23.3,22.45,23.21,11699040
23.46,23.72,22.81,23.38,13842889
23.43,23.48,22.7307,23.06,9034337
23.34,23.43,22.86,23.05,11028577
23.02,24.13,23.02,23.95,9864674
24.4,24.43,23.82,24.16,13412011
23.92,24.22,23.73,24.06,8262599
24.1,24.3,23.4,23.7,9998477
23.52,23.55,22.895,23.04,10399280
21.76,21.78,20.24,20.26,14288323
19.99,20.3,19.49,20.07,20059229
19.8,20.2878,19.49,19.85,11521039
19.96,20.28,19.67,19.9,14483103
19.63,19.88,19.28,19.5,8941790
19.34,19.665,19.135,19.29,10935892
18.98,18.98,18,18.02,18139015
18.02,18.515,17.89,18.35,11350327
17.96,17.97,16.9,17.14,19994949
17.26,17.62,16.63,16.71,13263943
16.54,17.68,16.41,17.24,22560331
17.45,17.82,17.1,17.22,22699558
17.01,18.31,16.9,17.45,15311995
17.61,19.08,17.49,18.68,24269446
19.81,19.92,18.48,19.14,17944005
19.28,19.89,18.645,19.86,23481131
19,19.2,18.3,18.42,20323722
19.43,20.35,19.2,20.29,21976485
20.19,20.29,19.6,19.84,7504364
20,20.18,19.5,19.71,7752323
20,20.16,19.8,20.01,9109867
19.8,20.08,19.51,19.64,9890587
19.46,19.99,19.23,19.57,10680488
19.42,19.895,19.04,19.76,13561169
19.33,19.34,18.42,18.49,13404721
18,18.73,17.77,17.99,15602159
18.19,18.3,17.77,17.93,9675318
17.96,18.7,17.56,18.41,15190915
18.58,18.694,18.02,18.37,7982805
18.23,18.29,17.63,17.69,14880055
17.71,18.03,17.53,17.85,15322647
17.48,18.84,17.42,18.76,24634039
18.85,19.05,18.07,18.33,17393859
18.51,19.14,18.4,19.03,14035477
18.44,19.45,18.14,19.08,21904126
19.27,19.91,19.18,19.87,11800492
19.95,20.05,18.9,19.62,13635396
19.71,20.16,19.52,19.66,10778136
19.62,20.26,19.56,20.14,9409782
20.01,20.375,19.89,20.25,9854673
20.05,20.07,19.11,19.13,12798787
19.38,19.49,18.63,19.21,10816098
19,19.48,18.755,19.18,15389895
19.56,20.6,19.455,20.52,16254009
20.78,21.49,20.63,21.01,16716096
20.59,20.8945,20.2,20.52,18481819
20.81,21.12,20.55,20.85,9484464
21.08,21.22,20.73,20.79,14353173
20.96,21.24,20.43,20.49,9488365
20.54,20.545,19.88,20.23,13097806
20.04,20.1,19.61,20.06,11543459
20.44,20.7,20.38,20.5,7554363
20.86,21.24,20.73,21.08,8157485
20.93,21.29,20.765,21.26,10238008
20.94,21.17,20.74,20.75,13217642
20.16,20.58,20.07,20.4,13516272
20.41,20.65,20.13,20.3,12580256
19.95,20.04,19.59,19.71,13512614
19.96,20.05,19.63,19.88,13101473
18.47,18.55,17.54,17.98,55061037
17.72,17.98,17.11,17.2,38380233
17.29,17.3,16.63,16.68,31112498
16.71,16.71,16.23,16.6,27736089
16.6,16.739,16.18,16.2,25203988
16.26,16.34,15.32,15.49,38182019
15.395,15.98,15.07,15.92,27400999
15.81,16.17,15.07,15.17,40038671
15.07,15.12,14.22,14.24,32218906
14.26,14.32,13.68,13.84,29754478
14.02,14.43,13.94,14.29,31401470
14.29,14.36,13.9,13.92,20944565
13.78,13.91,13.475,13.8,21039539
13.6,13.99,13.47,13.96,17314788
13.73,13.935,13.67,13.81,14446284
13.66,14.24,13.55,14.13,27449180
13.56,13.8,13.38,13.5,31063927
13.68,13.77,13.6,13.61,27555585
13.65,14.16,13.63,14.11,27331639
14.75,14.88,14.155,14.26,43433928
14.3,14.43,14.15,14.34,20375764
14.64,14.71,14.13,14.22,24486358
14.14,14.19,13.81,14.03,21465879
14.18,14.22,13.71,13.97,17454633
13.88,14.27,13.81,14.16,15440168
14.45,14.57,14.27,14.35,21191748
14.22,14.689,14.2,14.59,32121976
14.77,15.25,14.7,15.15,20884499
15.22,15.49,15.02,15.35,17773242
15.5,15.54,15.06,15.1,17931546
15.16,15.26,14.939,15.23,19092350
15.26,15.31,14.9,14.93,13760393
15.01,15.016,14.56,14.77,14108663
14.92,15.34,14.92,15.25,15595937
15.38,16.16,15.16,16.02,29538959
16.04,16.04,15.42,15.87,24023683
15.65,15.69,15.36,15.45,17486205
15.47,15.65,15.29,15.3,16506951
15.32,15.39,14.53,14.57,26231888
14.67,14.71,14.29,14.41,24287354
14.47,14.68,14.44,14.54,15650566
14.48,14.7,14.43,14.54,14903265
14.58,14.69,14.34,14.39,14078925
14.43,14.65,14.38,14.55,16752816
14.54,15.11,14.45,15.1,22722197
15.17,15.84,14.75,15.77,35049931
15.79,16.755,15.53,16.54,38309583
16.58,16.98,16.13,16.39,26189628
16.68,16.7,15.82,15.86,26524871
16.38,16.54,14.58,14.72,48498937
14.6,14.61,14.16,14.5,29892897
14.72,15.29,14.36,15.28,28358783
15.29,15.4,15,15.18,18424236
15.3,15.755,15.2,15.45,19999427
15.61,15.66,15.11,15.23,19258066
15.28,15.57,15.03,15.09,20685433
15,15.041,14.5877,15,21667488
14.85,14.92,14.55,14.89,15669142
14.8,14.93,14.42,14.57,16912948
14.64,14.91,14.425,14.75,15748349
14.85,15.33,14.8199,15.31,14987242
15.13,15.365,15.03,15.06,10244433
14.91,14.96,14.72,14.92,14320118
14.87,15.039,14.68,14.76,14438739
14.72,14.74,14,14.05,24884077
14.09,14.27,13.92,14.11,24784000
14.11,14.14,13.86,13.86,17904418
13.91,14.1,13.85,14.05,20554359
13.93,13.98,13.44,13.56,34225932
13.42,13.47,12.98,13.04,33066393
13.01,13.26,12.89,13.15,26258921
13.15,13.26,12.92,13.16,21610952
13.32,13.43,13.19,13.22,15609054
13.35,13.45,13,13.06,24468656
12.9,12.95,12.45,12.5,40325434
12.44,12.48,12.1,12.25,20365540
12.16,12.53,12.12,12.21,21215714
12.19,12.55,12.11,12.53,18377115
12.61,12.68,12.01,12.09,22290242
12.15,12.23,11.86,11.88,23783637
11.86,11.95,11.55,11.79,32844910
11.77,11.99,11.57,11.89,11966859
11.87,12.06,11.78,11.78,16762006
11.74,11.925,11.55,11.55,15346760
11.38,11.49,11,11.11,28001004
11.06,11.17,11,11.16,21700106
11.29,11.42,10.9375,11.03,24389870
11.15,11.306,10.97,11.17,18448806
11.2,11.21,10.5,10.55,21918305
10.69,10.81,10.61,10.77,15908629
10.51,10.78,10.3,10.42,18473109
10.42,11.9,9.94,11.46,42086930
11.22,11.51,10.84,11.31,27221395
11.77,11.88,11.59,11.68,21616099
11.75,11.88,11.27,11.37,17587663
11.28,11.32,10.86,10.9,18576679
10.92,11.39,10.86,11.38,12840365
11.38,11.48,10.935,11.29,13301250
11.4,11.69,11.15,11.58,14035448
11.59,11.59,10.8,10.94,19303269
10.89,10.92,10.23,10.27,13542271
10.07,10.14,9.24,9.29,47720581
9.25,9.49,9,9.05,20136374
9.02,9.2266,8.4,8.71,39528969
8.7,8.745,8.2,8.28,25538681
8.28,8.6,8.11,8.37,28063532
8.49,9.09,8.4,9,31642320
8.92,9.36,8.82,9.15,21560804
9.09,9.29,8.92,8.97,18371004
8.88,9.005,8.62,8.66,15693896
8.56,8.65,8.08,8.15,24318563
8.28,8.43,7.96,8,23458146
8.25,8.36,6.85,7.03,56650508
7.15,8.44,7.01,8.19,44852964
8.11,9.08,8.11,8.32,38472597
8.4,8.9271,8.21,8.63,16344141
8.2,8.41,8.045,8.21,28316448
8.1,8.32,7.99,8.02,28102270
7.83,7.89,7.48,7.5,17839735
7.5,7.65,7.27,7.49,18486139
7.4,7.71,7.37,7.57,9707831
7.54,8.05,7.5,7.76,15904595
7.77,7.81,7.22,7.34,22035658
7.35,7.5,7.15,7.15,13374926
7.09,7.24,6.87,6.87,21635154
6.11,7.04,6.07,6.61,25294233
6.97,6.97,6.01,6.03,23882524
6.24,6.35,6.03,6.34,18547873
6.55,7.13,6.53,7.02,26898071
7.13,7.73,7.02,7.39,24391341
7.25,7.84,7.02,7.81,23148312
7.585,8.05,7.45,7.57,26549136
7.65,7.68,7.06,7.38,16521689
7.4,7.65,7.26,7.44,11712476
7.25,7.41,7.2,7.27,10115943
7.8,7.9299,7.44,7.67,19431708
7.75,7.98,7.53,7.63,18844514
7.73,7.8367,7.51,7.59,9685156
7.49,7.61,7.365,7.57,8242727
7.57,8.02,7.45,7.92,28107293
7.95,8.23,7.82,7.89,17093544
8.04,9,8.03,9,20371917
8.83,8.98,8.54,8.61,21446359
8.46,8.96,8.2266,8.96,20452533
8.73,8.84,8.49,8.58,13475069
8.41,8.48,7.96,8,16240801
8.01,8.08,7.56,7.58,15289650
7.44,7.8,7.2,7.76,16003280
7.83,7.87,7.155,7.39,17107956
7.2,7.35,6.57,6.71,22274259
6.82,7,6.69,6.79,15135444
6.88,7.33,6.84,7.33,18241501
7.27,7.5902,6.95,7.21,21176832
7.15,7.89,7.02,7.89,19196664
7.98,8.53,7.96,8.42,21710551
8.47,9,8.325,8.98,23835725
9.11,9.435,8.47,9.15,34175954
9.05,9.38,8.67,9.34,23848618
9.38,9.55,8.79,8.88,21607776
8.87,8.87,8.14,8.24,15707007
8.13,8.46,7.92,7.99,14002558
8.01,8.295,7.95,8.22,10272534
8.17,8.37,7.99,8.35,13328747
8.45,8.49,8.06,8.4,12991116
8.2,8.32,7.94,8.09,9524089
8.1,8.33,7.84,8.19,12145470
8.14,8.14,7.8,7.87,10484573
7.89,8.01,7.65,7.8,13300353
7.71,8.05,7.5,7.83,17780235
7.63,7.6832,7.11,7.13,25435074
7.03,7.03,6.5,6.72,23709825
6.75,7.37,6.67,6.97,22093571
7.04,7.28,6.86,6.94,15598824
7,7.1899,6.76,7.13,15165460
6.94,7.6,6.91,7.45,20632675
7.39,8,7.37,7.61,21712355
7.29,7.64,6.955,7.46,45437419
7.34,7.9,7.13,7.52,24559891
7.37,7.68,7.26,7.34,15928673
7.345,7.51,7.25,7.27,12355524
7.26,7.28,7,7.06,14725264
7.04,7.065,6.5,6.54,21338440
6.46,6.52,6.25,6.32,19560918
6.37,6.38,6.03,6.1,28536111
6.11,6.36,6,6.34,18473390
6.19,6.25,5.8,5.87,25800956
5.96,6.18,5.8,6,22797661
5.5,5.635,5.28,5.4,51186237
5.41,5.42,5.06,5.08,31741860
5.05,5.39,5.04,5.14,19405435
5.29,5.57,5.2,5.49,23248711
5.37,5.55,5.25,5.41,10754792
5.35,5.38,5.2,5.26,6087208
5.3,5.39,5.11,5.27,18325821
5.27,5.59,5.15,5.51,23343033
5.43,5.71,5.34,5.52,32995642
5.43,5.49,4.69,4.87,50297321
4.85,4.85,4.47,4.55,32999264
4.27,4.3,4.06,4.27,29591687
4.05,4.45,4.03,4.4,17903901
4.46,4.67,4.3,4.47,23809993
4.39,4.67,4.34,4.56,12887611
4.43,4.44,4.1,4.16,17909163
4.05,4.13,3.89,4,22070974
4.09,4.13,3.75,3.76,22494040
3.78,3.97,3.57,3.9,27980946
3.89,3.93,3.56,3.72,19055577
3.76,4.05,3.65,4.05,40717834
4.03,4.22,3.87,4.06,23029540
4.06,4.09,3.93,3.98,14446620
4.05,4.44,3.95,4.4,29148014
4.49,4.6,4.35,4.45,16662796
4.38,4.38,4,4.07,19267575
4.21,4.58,4.12,4.58,28284381
4.26,4.44,4.15,4.4,21711329
4.38,4.55,4.3,4.5,20011934
4.44,4.97,4.4,4.95,38476071
4.89,5.09,4.84,5.01,23666881
4.77,4.8755,4.6,4.68,24549155
4.43,4.64,4.355,4.41,24150759
4.44,4.53,4.261,4.44,28561982
4.49,4.5,4.08,4.17,24234420
4.27,4.28,3.75,4.05,26920006
4.1,4.18,3.61,3.64,21532317
3.61,3.82,3.56,3.71,28054197
3.48,3.6,3.28,3.56,27331629
3.58,3.61,2.95,3.08,26479430
2.86,3.45,2.69,3.32,36875596
3.25,3.66,3.17,3.55,24335380
3.82,4.15,3.46,3.51,34642872
3.27,3.6,2.95,2.95,26632159
3.08,3.25,2.88,3.19,28367457
3.22,3.63,3.17,3.28,28778383
3.52,3.57,3.1,3.16,29659164
3.19,3.46,3.16,3.39,25580337
3.32,3.38,3.1,3.21,16936470
3.12,3.14,2.99,2.99,17638088
3.08,3.39,2.75,3.36,27600845
3.4,3.65,3.19,3.26,39086179
3.21,3.26,3.03,3.06,21391467
2.56,2.59,1.5,2.04,121984560
2.09,2.09,1.8,1.95,39361622
1.99,2.005,1.63,1.7,32507974
1.66,1.81,1.53,1.78,50804186
1.86,1.89,1.56,1.59,49579181
1.68,1.91,1.65,1.86,39305372
1.94,1.99,1.85,1.88,35943973
1.97,2.14,1.9,1.98,37277458
1.94,2.03,1.9,2,20667994
2.09,2.49,2.07,2.39,33909229
2.53,2.71,2.16,2.19,49682202
2.44,2.74,2.35,2.69,62165252
2.64,2.9,2.5,2.56,39719390
2.89,2.89,2.65,2.7,30763400
2.82,2.82,2.53,2.61,44469261
2.64,2.78,2.55,2.76,24109882
2.62,3.75,2.6,3.4,76288029
3.37,4.72,3.32,4.27,138475442
4.59,5.43,4.3,5.08,188966428
5.38,5.76,5.18,5.23,116687326
5.05,5.055,4.1,4.3,65203186
4.56,4.7,4.3,4.63,39907855
4.62,4.74,4.35,4.61,42312655
4.88,4.99,4.64,4.7,40438427
4.42,4.5,4.27,4.38,39565990
4.2,4.26,3.95,4.18,35940524
4.3,4.59,4.26,4.39,46280409
4.62,4.88,4.45,4.79,39946129
5.08,5.3,4.77,4.91,86810490
4.93,5.05,4.79,4.88,24781238
4.78,4.94,4.66,4.82,17455592
4.74,4.83,4.1,4.13,33995149
3.86,4.45,3.78,4.25,30180696
4.24,4.24,4,4.15,22442754
3.99,4.085,3.835,4.04,28464345
4.18,4.34,3.99,4.01,26639146
3.97,4.16,3.95,4.12,15535590
3.98,4.1,3.8,3.83,28693655
3.86,3.9,3.63,3.72,23103268
3.61,3.78,3.53,3.76,26995624
3.87,3.92,3.65,3.73,29021046
3.74,3.82,3.54,3.61,26226174
3.79,3.85,3.68,3.76,25243497
4.12,4.5,4.1,4.5,67074221
4.84,6.15,4.83,6.05,183964109
6.11,6.56,5.92,6.06,104115365
6.13,6.19,5.74,6.01,52986831
5.76,6.18,5.71,6.03,59950438
5.49,6.07,5.49,5.96,40292397
6.19,6.37,6.07,6.12,39685644
6.05,6.53,6.01,6.42,40822447
6.64,6.73,6.16,6.19,37722080
6.29,6.585,6.24,6.55,26733234
6.59,6.71,6.3,6.4,28026397
6.48,6.6,6.37,6.6,27568359
6.78,7.15,6.73,7.14,39699687
7.1,7.59,6.78,6.78,57819247
6.975,7.148,6.6,6.87,36823104
6.83,6.85,6.4,6.59,28265511
6.38,6.42,5.73,5.8,40165258
6.09,6.18,5.62,5.65,26750022
6.3,6.47,5.7,5.71,61068992
5.52,5.83,4.545,4.59,70168865
4.72,4.9,4.03,4.1,48668669
4.23,4.36,3.93,4.3,69669264
4.25,4.82,4.12,4.36,53033209
4.59,4.63,4.08,4.17,42197769
3.98,4.25,3.98,4.06,28025687
4.19,4.325,3.85,3.9,41098054
3.99,4.25,3.87,3.93,54752005
3.96,4.06,3.81,3.85,27082227
3.78,3.89,3.59,3.86,31395461
3.92,3.95,3.69,3.72,39436646
3.69,3.78,3.56,3.67,34190537
3.68,4.07,3.637,4.05,37706137
4.23,4.49,4.19,4.35,46463206
4.63,4.74,4.11,4.23,45853763
4.16,4.21,4.04,4.16,24622771
4.23,4.45,4.23,4.29,39265665
4.21,4.39,4.09,4.37,32385365
4.3,4.44,4.22,4.25,30100734
4.26,4.3,4.07,4.09,25173674
4.24,4.59,4.17,4.57,39899753
4.67,4.86,4.55,4.67,44641770
4.89,5.14,4.83,4.97,46179150
4.75,4.92,4.52,4.88,56623966
4.67,4.73,4.37,4.42,38196014
4.37,4.6,4.17,4.33,35505356
4.24,4.45,4.1,4.28,32907877
4.27,4.5,4.23,4.28,31947278
4.21,4.35,4.03,4.24,38943015
4.39,4.65,4.35,4.51,53537481
4.81,4.82,4.54,4.66,40741477
4.54,4.65,4.48,4.62,33027938
4.72,4.72,4.5,4.51,23789793
4.57,4.65,4.52,4.64,19077255
4.26,4.47,4.17,4.37,29431529
4.25,4.2899,3.93,4.06,31227343
4.28,4.32,4.18,4.28,24753324
4.45,4.5,4.33,4.42,29723482
4.39,4.4025,4.15,4.28,35427895
4.25,4.63,4.21,4.59,33140122
4.39,4.425,4.13,4.3,31805177
4.26,4.35,4.22,4.35,24467420
4.45,4.57,4.22,4.23,35198769
4.35,4.37,4.19,4.24,25568228
4.31,4.34,4.17,4.18,22733502
4.33,4.59,4.28,4.58,38693688
4.5,4.57,4.27,4.35,28952769
4.43,4.58,4.37,4.5,40486223
4.54,4.66,4.41,4.42,27001606
4.44,4.6,4.3,4.6,22479149
4.53,4.59,4.43,4.5,27669163
4.41,4.83,4.36,4.74,36837781
4.92,5.25,4.88,4.97,65635260
5.14,5.5,5.01,5.39,65448401
5.37,5.385,5.005,5.14,54782592
5.03,5.37,5,5.35,43936387
5.59,5.6,5.1,5.19,51557166
5.18,5.32,5.13,5.19,33250111
5.15,5.46,5.15,5.42,46527786
5.33,5.35,5.06,5.09,36137813
5.2,5.24,4.75,4.9,43539044
4.95,5.3,4.82,5.29,49753715
5.04,5.28,4.95,5.13,71244043
5.18,5.19,4.86,4.89,50875815
4.95,5.15,4.9,5.01,41031615
5.07,5.08,4.77,4.81,44431142
4.86,4.93,4.77,4.8,36236061
5.09,5.1,4.82,5.03,70380561
5.06,5.09,4.92,5.02,32240562
5.15,5.53,5.07,5.5,75369493
5.6,5.94,5.42,5.91,77068556
5.91,5.93,5.5,5.68,65679026
5.75,6.25,5.75,6.2,80389544
6.14,6.22,5.93,6.09,43153204
5.84,6.09,5.82,6.09,38955244
6.04,6.58,6.03,6.46,64579212
6.56,6.6,6.24,6.26,44841437
6.25,6.44,6.2,6.33,32317994
6.37,6.54,6.345,6.4,34761665
6.36,6.49,6.25,6.44,22176381
6.51,6.65,6.4,6.51,28894840
6.44,6.51,6.18,6.35,34652284
6.23,6.35,6.15,6.25,28084797
6.31,6.7,6.3,6.6,45992365
6.7,6.9,6.66,6.8,36792166
6.94,6.95,6.76,6.81,28037524
6.93,7.81,6.87,7.74,112945421
7.65,7.8,7.43,7.62,57567732
7.73,8.145,7.53,8.05,66278311
7.76,7.7825,7.155,7.38,70479230
7.35,7.41,7.01,7.17,45542629
7.2,7.38,7.1,7.25,39629509
7.09,7.37,7.06,7.35,46617667
7.41,7.47,6.81,6.81,115971630
6.79,6.96,6.51,6.56,68417421
6.74,6.82,6.6,6.74,40894268
6.9,6.99,6.75,6.87,37605696
6.78,6.94,6.5,6.63,30559871
6.71,6.84,6.56,6.62,25744184
6.5,6.51,5.97,6.23,83665778
6.29,6.8,6.21,6.75,56762639
6.41,6.53,6.06,6.12,133902349
6.13,6.3,6.03,6.27,72778374
6.34,6.445,6.18,6.4,31537496
6.46,6.55,6.36,6.37,35208242
6.45,6.9,6.45,6.8,59530968
6.91,6.97,6.6,6.65,43953877
6.68,6.73,6.34,6.35,42945666
6.45,6.62,6.41,6.44,28227134
6.38,6.46,6.105,6.28,41996173
6.25,6.3,6.1,6.29,23018098
6.2,6.55,6.04,6.43,49014274
6.45,6.695,6.45,6.56,49857770
6.54,6.68,6.28,6.35,37285572
6.51,6.6,6.32,6.52,38422998
6.63,6.85,6.6,6.72,65746667
6.55,6.95,6.355,6.91,107053967
6.96,7.11,6.59,6.68,88101772
6.65,6.72,6.29,6.36,60169049
6.38,6.5,6.095,6.11,68273335
5.88,6.19,5.71,6,67359122
5.96,6.19,5.9287,6.08,45439393
6.03,6.06,5.76,5.79,44587664
5.74,5.8,5.49,5.51,41118158
5.53,5.64,5.18,5.36,49784341
5.18,5.43,5.14,5.31,57596299
5.75,5.8,5.33,5.4,60750268
5.26,5.5,5.25,5.29,46717930
5.45,5.55,5.38,5.45,42701122
5.29,5.4592,5.22,5.31,39277088
5.27,5.82,5.26,5.77,55352163
5.99,6.09,5.68,5.7,75536201
5.62,5.69,5.35,5.43,47004601
5.52,5.6,5.28,5.47,50915081
5.65,6.13,5.64,6.05,66041198
5.99,6.12,5.81,5.91,48672356
6,6.1064,5.84,5.89,44789298
5.96,6.04,5.8929,5.94,36507259
6.21,6.4,6.17,6.36,52822235
6.46,6.48,6.23,6.44,42597013
6.34,6.64,6.32,6.64,43547457
6.57,6.65,6.52,6.59,20863084
6.74,6.75,6.32,6.34,46765907
6.17,6.42,6.03,6.37,51143212
6.93,7.11,6.74,7,122299523
7.26,7.35,6.97,7.05,108877650
7.03,7.3,7,7.23,51162112
7.58,7.65,7.42,7.48,59778541
7.44,7.75,7.34,7.58,58871591
7.77,7.94,7.48,7.58,76003036
7.71,7.75,7.42,7.6,72009796
7.74,7.8,7.63,7.72,44636985
8.1,8.2,7.32,7.35,87986244
7.5,7.52,7.06,7.37,66389814
7.2,7.44,7.05,7.08,67651966
7,7.19,6.85,7.03,59725809
7.12,7.23,7.03,7.18,59307794
7.13,7.36,7.09,7.31,40455865
7.31,7.43,7.26,7.29,40054587
7.39,7.59,7.34,7.43,38914935
7.42,7.57,7.3,7.34,30818204
7.36,7.49,7.33,7.44,27258669
7.48,7.65,7.43,7.59,44681657
7.61,7.62,7.16,7.23,69491582
7.22,7.29,7.07,7.16,35444824
7.15,7.21,7,7.02,46054539
7.2,7.32,6.78,6.92,55800763
7,7.07,6.85,7,48230387
7.06,7.19,6.89,7.18,54284160
7.25,7.28,6.99,7.01,39765906
6.91,6.94,6.78,6.87,40637764
6.96,7.01,6.87,6.92,28675833
6.94,7.01,6.85,6.92,31826672
6.99,7.075,6.87,6.93,30604286
6.91,6.94,6.86,6.92,21300691
6.94,7.1,6.88,7.01,39564101
6.95,7.04,6.92,6.98,29507181
6.92,6.97,6.55,6.62,62163919
6.69,6.87,6.63,6.69,32988681
6.66,6.81,6.52,6.68,28938032
6.72,7,6.67,6.91,36073268
7.05,7.26,7.01,7.13,48529826
7.2,7.29,7.07,7.12,31722562
7.02,7.095,6.86,6.92,30469929
6.83,6.86,6.41,6.46,56830461
6.43,6.485,6.33,6.45,29214458
6.51,6.59,6.31,6.4,33985935
6.37,6.52,6.26,6.45,34243824
6.4,6.59,6.38,6.57,28006634
6.6,6.65,6.37,6.38,27847693
6.3803,6.41,6.08,6.17,40323031
6.08,6.22,5.92,6.12,38273720
6.15,6.39,6.15,6.31,31648527
6.41,6.5,6.33,6.38,29295535
6.35,6.43,6.28,6.33,24553842
6.41,6.45,6.34,6.44,22101451
6.43,6.45,6.3,6.32,24481847
6.34,6.4,6.065,6.08,37658822
6.04,6.16,6.02,6.1,21037853
6.14,6.18,6,6.08,36603579
6.03,6.09,5.9,5.92,45479679
6.07,6.08,5.38,5.75,98640096
5.69,5.89,5.6,5.66,58786984
5.68,5.76,5.51,5.62,46686169
5.57,5.63,5.43,5.45,38204325
5.5,5.65,5.49,5.57,35531563
5.49,5.53,5.26,5.36,47735556
5.39,5.51,5.3,5.32,32818254
5.3,5.42,5.27,5.35,34035188
5.38,5.4,5.26,5.26,28972776
5.26,5.3,4.92,4.94,65553219
4.91,5.15,4.88,5.13,51048378
5.17,5.22,5.01,5.15,38059110
5.17,5.36,5.17,5.33,30986911
5.22,5.27,5.02,5.24,36130856
5.35,5.49,5.225,5.45,36035054
5.5,5.52,5.34,5.45,29209334
5.46,5.535,5.26,5.29,42125829
5.21,5.29,5.11,5.18,24882403
5.21,5.23,5.02,5.07,28774222
5.02,5.11,4.95,5,27661723
5.07,5.2,5,5.09,40379987
5.17,5.3,5.11,5.22,30847098
5.15,5.25,5.06,5.16,30975198
5.19,5.42,5.14,5.39,41414693
5.42,5.95,5.41,5.81,65130575
5.9,6,5.73,5.85,53223237
5.83,5.95,5.81,5.94,28779954
6.01,6.05,5.72,5.92,33308892
5.9,6.33,5.83,6.32,73281665
6.41,6.59,6.01,6.11,81982952
6.19,6.4,6.16,6.28,53003587
6.28,6.3164,6.16,6.2,32882704
6.25,6.295,6.19,6.23,29375831
6.2,6.21,6.05,6.18,33847679
6.18,6.39,6.12,6.15,43048572
6.17,6.18,5.88,5.89,37748604
5.87,5.91,5.61,5.69,49922457
5.62,5.79,5.55,5.66,30798398
5.66,5.7299,5.48,5.5,40026097
5.54,5.7,5.51,5.56,28167064
5.56,5.6395,5.45,5.52,33414829
5.555,5.58,5.32,5.38,43445984
5.355,5.53,5.25,5.51,40844426
5.44,5.66,5.42,5.47,37512488
5.4,5.4,5.15,5.29,53273443
5.345,5.36,5.2,5.26,31087531
5.25,5.34,5.22,5.31,17798560
5.36,5.44,5.25,5.32,29086735
5.3,5.62,5.2,5.54,63346378
5.39,5.4,5,5.13,100793528
5.155,5.46,5.14,5.46,61975660
5.43,5.59,5.37,5.55,39486713
5.53,5.55,5.39,5.4,39320321
5.49,5.8,5.47,5.75,47558114
5.78,5.83,5.63,5.72,36158697
5.705,5.76,5.595,5.63,19899477
5.81,5.86,5.52,5.57,38092486
5.6,5.7,5.5,5.54,30139585
5.51,5.66,5.4,5.49,31125606
5.425,5.6,5.39,5.57,26534842
5.67,5.82,5.645,5.78,34930272
5.87,5.87,5.6701,5.73,26167870
5.69,5.76,5.65,5.67,19832486
5.67,5.81,5.51,5.55,32332696
5.51,5.68,5.13,5.18,57248391
5.24,5.3,5.15,5.29,28725779
5.2,5.26,5.04,5.1,38677696
5.06,5.09,4.9,5.06,64470354
5.1,5.22,5.02,5.1,35471026
5.03,5.04,4.9,4.96,46905638
4.92,5,4.88,4.89,30179505
4.91,5.07,4.79,5.04,51189399
4.97,5.08,4.74,4.8,56357308
4.79,4.84,4.7,4.74,36849405
4.78,5.05,4.77,4.97,46558083
5.05,5.17,5.03,5.06,40751654
5.07,5.29,5.03,5.28,36800404
5.19,5.19,4.97,5.02,44579813
4.94,5.11,4.92,5,31425815
5.05,5.15,5,5.1,33825402
5.09,5.18,4.98,4.99,35120200
4.92,4.95,4.77,4.91,38750283
4.84,4.85,4.38,4.52,80216485
4.58,4.63,4.49,4.5,30156806
4.55,4.59,4.46,4.57,41695657
4.59,4.79,4.55,4.67,29021288
4.77,4.86,4.68,4.8,34458348
4.8,4.94,4.75,4.86,26542698
4.92,5.08,4.88,4.96,35486842
5,5.05,4.91,4.97,27992640
5.01,5.14,5,5.12,15382015
5.03,5.03,4.72,4.78,40366763
4.82,4.87,4.65,4.66,36888019
4.64,4.65,4.4199,4.54,33521344
4.51,4.73,4.49,4.66,27442704
4.66,4.77,4.57,4.72,21152457
4.79,4.85,4.62,4.67,32985586
4.65,4.78,4.64,4.78,22449467
4.81,4.9,4.8,4.87,22050110
4.88,4.94,4.81,4.85,14738544
4.9,4.9,4.7,4.76,24522228
4.76,4.96,4.74,4.96,24291230
4.98,5.02,4.84,4.84,24845769
4.83,4.87,4.66,4.69,31575791
4.73,4.76,4.65,4.66,23228328
4.76,4.94,4.75,4.85,39389214
4.9,4.95,4.78,4.84,27471541
4.85,5.07,4.77,5.06,43607132
5.05,5.2,4.97,5.06,41607527
5.04,5.05,4.84,4.96,31715847
4.49,4.51,4.32,4.34,36516760
4.83,4.83,4.61,4.62,44713481
4.78,4.78,4.5,4.5,65455824
4.53,4.59,4.47,4.53,32156347
4.49,4.51,4.32,4.35,37259228
4.35,4.48,4.34,4.4,27681015
4.43,4.48,4.31,4.37,26118390
4.38,4.44,4.13,4.14,46998898
4.11,4.17,4.05,4.14,32318168
4.14,4.175,4.06,4.07,19439256
4.1,4.1,3.92,3.98,40024900
4,4.03,3.9,4,32408233
3.96,4.04,3.81,3.88,36156104
3.85,4.01,3.82,3.96,35126024
3.93,3.94,3.76,3.82,25778721
3.83,3.88,3.81,3.85,21671340
3.83,3.96,3.79,3.89,28390521
3.88,3.96,3.82,3.86,31721854
3.89,3.89,3.79,3.79,44981414
3.79,3.83,3.59,3.65,40486003
3.59,3.66,3.55,3.64,27107447
3.61,3.68,3.56,3.61,23431511
3.64,3.72,3.615,3.64,28194087
3.65,3.79,3.62,3.76,21945851
3.78,3.83,3.68,3.7,31375075
3.74,3.82,3.71,3.76,23116098
3.75,3.9,3.75,3.87,22866837
3.83,3.86,3.56,3.64,39759451
3.66,3.7,3.61,3.63,22935559
3.66,3.85,3.65,3.74,32623828
3.82,4.04,3.81,3.94,49795156
4.04,4.18,4.02,4.1,45013966
4.1,4.11,3.95,4,66705048
4.03,4.12,3.95,4.05,29305683
4.08,4.1,3.98,4.04,19210027
4.05,4.25,4.04,4.19,38906590
4.15,4.185,4.08,4.17,21429908
4.16,4.25,4.14,4.22,18635374
4.27,4.39,4.265,4.37,29207365
4.33,4.44,4.29,4.37,29942642
4.38,4.449,4.301,4.42,30789260
4.47,4.49,4.25,4.35,33342182
4.34,4.38,4.28,4.3,22861830
4.15,4.38,4.08,4.35,24796091
4.31,4.34,4.26,4.29,19862709
4.28,4.32,4.23,4.27,17211386
4.27,4.33,4.26,4.3,21187428
4.26,4.269,4.12,4.2,20705077
4.2,4.2158,4.13,4.19,11002815
4.22,4.2311,3.91,3.91,43149084
3.92,3.975,3.76,3.95,32016106
3.9,3.93,3.78,3.85,26757645
3.9,3.93,3.85,3.88,15964755
3.92,3.95,3.82,3.82,14188848
3.86,3.87,3.73,3.78,19314251
3.8,3.88,3.73,3.77,19537408
3.7,3.88,3.7,3.84,23884525
3.84,3.86,3.77,3.8,15424083
3.8,3.83,3.6,3.61,21182761
3.65,3.69,3.6,3.65,21309763
3.61,3.64,3.45,3.55,27647277
3.54,3.56,3.41,3.53,23565273
3.49,3.78,3.465,3.77,35035555
3.75,3.99,3.73,3.84,28783510
3.8,3.94,3.76,3.9,21515061
3.98,4.07,3.96,3.96,31426523
3.78,3.81,3.65,3.66,43448846
3.65,3.79,3.62,3.74,29063947
3.78,4.18,3.78,4.18,49869316
4.15,4.22,4.08,4.18,25229113
4.16,4.17,3.97,3.97,29635741
4,4.195,3.97,4.11,28473751
4.13,4.19,4.04,4.14,23563453
4.11,4.27,4.07,4.15,26970256
4.12,4.16,3.94,3.94,29924676
3.92,3.98,3.85,3.85,21536251
3.865,3.935,3.83,3.85,18918031
3.9,4.05,3.89,4.02,21898004
3.94,4.05,3.85,3.87,24073368
3.9,3.94,3.8,3.81,20470505
3.87,3.98,3.85,3.97,19226598
4,4.05,3.9,3.92,13097662
3.92,3.93,3.8,3.81,18732926
3.83,3.9,3.77,3.87,12737254
3.89,4.07,3.87,4.05,33393753
4.05,4.25,4.04,4.07,40997505
4.1,4.24,4.07,4.09,26800608
4.08,4.14,3.91,3.95,20600622
3.98,4.04,3.92,3.92,21784126
3.92,3.94,3.76,3.77,27758296
3.81,3.81,3.69,3.7,28232726
3.75,3.8,3.66,3.68,29977293
3.71,3.88,3.71,3.83,24553572
3.89,3.9,3.754,3.81,24526125
3.83,3.8587,3.71,3.72,16893913
3.73,3.81,3.64,3.64,25477452
3.655,3.69,3.5,3.51,42186755
3.58,3.7,3.52,3.69,29966540
3.685,3.74,3.61,3.61,19471783
3.65,3.8,3.6,3.78,24255770
3.72,3.88,3.71,3.84,24149630
3.82,3.95,3.82,3.85,20203975
3.89,4,3.88,4,18600567
4.01,4.05,3.88,3.88,19576399
3.96,4.09,3.91,4.04,30521171
4.08,4.13,3.96,3.96,24078402
4.05,4.17,4,4.1,35227973
4.14,4.16,4.03,4.07,30351079
4.12,4.12,4,4.05,33915375
4.02,4.02,3.93,3.99,33664202
4,4.0001,3.88,3.97,20873143
4,4.1,3.98,4.05,28577272
4.08,4.1,4,4,51016470
4.04,4.26,4.01,4.19,55791513
4.22,4.335,4.18,4.28,33197075
4.3,4.3,4.12,4.14,32862603
4.17,4.18,4.02,4.09,33307850
4.07,4.08,3.97,3.99,23808943
4,4,3.91,3.95,22388586
3.97,3.99,3.9,3.97,28296542
4.05,4.11,3.97,4.07,29459882
4.09,4.18,4.07,4.08,29132060
4.14,4.18,3.92,3.96,32781941
4,4.01,3.94,4,20907786
3.95,3.99,3.86,3.88,26759540
3.85,3.85,3.62,3.63,58594743
3.68,3.69,3.5,3.5,42937414
3.49,3.5,3.3,3.46,50696229
3.43,3.44,3.3,3.33,42975946
3.3,3.37,3,3.09,51894368
3.01,3.19,2.98,3.13,46965963
3.12,3.16,2.8,2.89,71174880
