66.78,67.44,66.6,67.42,1238007
67.41,67.86,67.33,67.7,1241033
67.69,68.35,67.45,68.16,1127229
68.27,68.425,67.8408,68.11,867704
68.04,68.12,67.58,67.78,1440966
68.29,69.51,67.63,69.47,2693445
69.55,69.81,68.54,69.35,1718220
69.25,69.82,69.19,69.58,1781401
69.68,70.16,69.22,69.43,1679773
69.66,70.2,69.59,70.13,1581556
70.31,70.5,68.85,68.85,1363819
69.16,69.7099,69.07,69.55,1491149
69.49,70.62,69.13,70.3,1105134
70.33,71.13,70.29,70.78,2943049
70.28,71.9,70,71.26,1889889
71.13,72.1,70.96,71.61,1523843
71.95,72.1,71.42,71.81,1412929
71.74,71.74,70.63,70.9,1160482
70.85,71.33,70.76,70.84,1557399
71,71,69.81,70.34,1688015
70.43,70.6,70.11,70.6,932214
70.8,70.9,70.21,70.46,1060546
70.51,70.73,70.0601,70.3,994906
70.45,71.02,70.35,70.52,1106973
70.14,70.8,69.81,70.69,2218510
70.18,70.46,69.945,70.21,1582300
70.14,70.32,69.69,69.89,1078154
70.2,70.49,69.94,70.13,1292536
70.27,70.72,70.07,70.25,1234361
70.26,71.05,70.22,70.98,973046
71.21,71.64,71.02,71.26,1185238
71.45,72.2,71.33,71.99,977493
71.69,72.155,71.57,72.11,992411
72.24,73.22,71.92,73.2,1995765
73.2,73.5,72.84,73.5,1000035
73.87,74.29,73.67,74.02,1119262
74.25,74.41,73.39,73.53,1016588
73.7,74.77,73.64,74.65,1289213
73.9,74.8,73.85,74.74,1292237
74.93,75.66,74.59,75.55,1005670
75.55,75.77,75.01,75.53,1169182
75.74,76.33,75.45,76.15,1473092
76.28,76.85,76.06,76.31,1155178
76.18,77.18,75.97,77.18,1200617
76.7,77.88,76.5005,76.63,2953541
76.19,77.8,75.44,77.77,2203870
77.29,77.93,76.44,77.53,2444796
77.63,77.93,77,77.72,1788172
78.07,79.1,77.41,79.05,1699834
79.2,79.26,78.44,79.12,1075561
79.53,79.6,78.74,79.39,1180841
79.09,79.56,78.6985,79.21,1082354
79.27,79.54,78.42,78.6,1374454
78.59,79.37,77.89,78.41,1165224
78.75,79.09,78.26,79,799248
78.99,79.64,78.85,79.63,1122388
79.67,80.55,79.3,79.45,1457017
79.98,80.4,79.4,80.26,1241274
80.71,80.82,79.93,79.98,1636625
79.86,80.58,79.78,80.37,1495289
80.38,80.83,79.79,80.65,1401423
80.35,80.35,79.34,79.66,1846194
79.61,79.61,78.44,78.7,1839846
79.07,79.27,78.5326,79.27,1433388
79.32,79.99,79.18,79.88,1110037
80.07,80.57,79.902,80.53,969144
80.41,81.8,80.08,81.8,1843392
81.44,81.66,80.92,81.23,1633071
81.38,82.21,81.0275,81.67,1524165
82.11,82.64,81.88,82.3,1422731
82.62,83.22,82.39,82.93,1216888
83.01,84.108,80.26,80.71,2128973
79.57,79.81,77.52,78.07,2989054
77.65,77.84,75.59,76.66,2348429
77.45,77.6565,74.51,74.84,2664934
74.07,74.194,71.52,72.56,3813397
72.54,73.35,72.38,72.79,2134093
72.51,73.41,71.32,71.37,3692343
71.26,71.85,69.79,71.44,1847950
71.41,71.56,70.23,70.24,1588470
70.1,70.75,69.28,69.5,1500941
69.56,71.35,69.19,71.29,1396681
71.58,71.79,70.23,71.25,1597232
71.28,71.47,70.23,70.49,1272749
69.71,70.88,69.34,69.95,1426884
70.11,70.16,68.42,68.56,1626232
68.08,69.8,67.76,69.5,2236749
69.39,71.18,69.39,70.43,1781936
70.68,71.81,70.68,71.4,1959829
71.52,71.985,70.91,71.67,1496359
71.66,71.89,68.37,68.57,2075586
68.22,68.22,64.02,64.38,3166250
64.84,66.31,64.11,65.46,3727556
64.98,66.88,63.82,65.25,2380213
65.82,67.73,65.3,67.37,2400381
68.61,69.75,68.01,68.83,2031832
69.3,70.125,69.17,69.79,1725787
69.74,70.3,68.91,69.46,3144506
70.06,70.55,68.44,68.61,1487441
68.62,69.92,68.62,69.86,2427345
69.5,69.73,68.32,69.22,980719
69.33,69.46,66.18,68.04,1800835
67.99,68.99,67.97,68.04,1437618
68.08,69.24,68.02,69.02,1203265
68.88,68.98,67.9,68.65,1434463
69.77,71.4,69.77,71.25,1558568
71.25,71.39,70.03,70.55,1140283
70.55,70.91,70.18,70.69,872943
70.76,71.08,70.6,70.89,1426448
71.06,71.9,71.06,71.62,1256983
71.67,72.18,71.35,72.16,1130390
72.18,72.32,71.35,71.44,1144836
71.36,71.79,71.04,71.61,906393
71.73,71.81,71.04,71.47,620191
71.46,71.46,68.66,68.96,1599805
68.76,69.38,68.17,69.15,1317858
69.47,69.6,68.18,68.43,1537735
68.2,68.99,68.2,68.39,1304185
68.42,68.92,67.6,67.83,1374098
67.92,67.96,65.3,65.74,2659992
66.03,66.17,64.67,64.72,1989521
64.72,65.8,64.68,64.95,1975706
64.86,65.48,64.7,65.23,1330395
65.37,65.71,64.73,64.74,1700441
64.71,64.75,64,64.2,1333407
64.43,64.68,64.01,64.33,1292467
64.24,64.99,64.06,64.61,2008239
64.54,64.97,64.15,64.43,1291902
64.56,64.57,63.03,63.22,1536305
63.18,63.37,62.63,62.69,1325919
62.19,62.2,60.96,61.08,2285763
60.8,60.91,59.04,59.53,4321043
59.21,59.5,58.53,58.86,2230904
59.04,60.66,59.04,60.33,1717084
60.13,62.424,59.23,61.25,2348427
61.29,61.35,60.4,60.92,1625032
60.88,62.38,60.83,62.37,1732211
62.51,62.57,61.79,62.01,1269116
61.6,63.07,61.271,62.86,1853474
62.75,62.94,62.06,62.76,1681611
62.5,62.59,61.755,62.55,1126035
62.57,63.06,62.07,62.26,1428821
62.94,62.94,61,61.57,1770874
61.7,62.01,61.145,61.72,943439
61.71,61.91,60.35,60.44,1094173
61.38,62.32,61.32,61.46,1513464
61.71,62.16,61.29,62.16,1448450
62.34,62.4879,60.91,61.32,1795196
60.9,61.45,60.72,61.37,1426893
61.34,61.97,60.63,60.71,931063
60.77,61.77,60.54,61.45,1423110
64.47,64.63,62.97,63.23,2058751
63.13,63.79,62.89,62.89,1511787
62.82,65.63,61.43,65.54,2939807
65.82,66.07,64.285,64.33,1941678
64.23,64.29,62.92,62.93,2734054
62.91,63.44,62.46,62.48,1231974
62.49,63.16,61.94,62.41,1844619
62.39,63.07,62.22,62.97,1542636
62.97,63.35,62.68,63.28,1066223
62.96,63.23,62.18,62.66,1498130
62.33,63.09,61.12,61.5,2109250
61.24,63.61,61.24,63.11,1684347
63.06,63.55,62.14,63.48,2127868
63.2,63.38,61.55,62.03,2217045
62.01,62.56,61.47,61.7,1213223
61.16,62.52,61.11,62.12,774481
62.09,62.73,62.02,62.08,1382464
62.14,62.6,61.86,62.05,1042543
62.67,63.75,62.375,63.67,1358151
63.7,64.09,63.04,64.09,1089440
63.46,64.02,63,63.62,1033489
63.37,63.99,62.95,63.3,1060845
63.79,64.77,63.57,64.67,1502531
64.8,66,64.56,65.82,1272974
66.12,66.59,65.3301,65.54,1480396
65.56,65.56,64.53,64.82,1334145
64.93,66.2,64.57,65.84,1076871
65.75,66.28,65.53,66,1258875
65.98,66.07,65.53,66.02,1094335
67.25,67.64,66.32,67.33,1726964
67.38,67.38,65.85,66.6,1350051
66.67,66.79,65.75,66.11,1295479
66.25,66.49,65.65,65.82,922026
65.92,66.22,65.12,65.24,1427157
65.37,65.77,65.07,65.54,1507684
65.65,65.96,65,65.82,1145653
65.44,65.714,63.805,63.99,1556964
64.3,64.55,63.88,64.03,1462589
64.12,64.5,63.44,63.63,1223412
63.11,63.12,60.65,61.57,1808696
61.62,62.14,61.3,61.48,895576
61.39,61.54,60.37,60.73,953101
60.65,60.78,60.15,60.51,1506538
60.96,61.439,60.5,60.87,1396540
60.86,61.55,60.86,61.18,1376686
61.18,61.4,60.93,60.94,1163281
61.09,61.09,60.17,60.4,887554
60.71,61.18,58.94,59.17,1696408
59.4,59.91,59.04,59.76,1090583
59.76,59.9,58.81,59.15,1194254
59.3,59.44,57.78,58.15,1525970
58.19,58.41,57.37,57.48,1571587
57.45,57.72,57.04,57.64,1466682
57.74,57.77,56.82,56.83,784381
56.82,57,56,56.26,1423530
56.2,56.25,55.78,55.97,1558664
55.4,56.68,55.36,56.21,1810683
56.15,56.87,55.67,56.68,1564844
57,57.15,55.99,56.35,1142838
56.52,57.27,56.18,57.26,2351968
57.41,58.34,57.3,57.98,3019080
57.85,57.97,56.3,56.33,2299066
55.5,55.81,54.89,55.26,2470286
55.69,56.5799,55.5201,55.98,1913880
56.05,56.58,56.01,56.33,2396234
56.44,56.75,56.245,56.58,2163741
56.75,57.89,55.58,57.76,2936535
57.29,57.39,55.88,56.65,2621476
56.91,57.38,56.75,57.35,2615401
57.57,57.95,57.08,57.14,1728626
57.11,57.47,56.89,57.13,625098
57.12,57.584,57.11,57.26,1286356
57.27,57.51,56.85,57.24,1135809
57.17,57.98,57.17,57.69,1180327
57.74,57.93,57.12,57.28,1664275
56.95,57.219,56.43,56.82,1513084
57.03,57.105,56.63,56.79,1163080
57.67,58.66,57.134,58.2,2546754
58.19,58.53,57.5646,58.22,2504705
58.07,58.55,57.57,57.89,1887291
57.87,58.6,57.65,58.04,1488649
58.51,60.98,58.51,60.7,3116412
60.99,61.1,59.37,59.9,2836621
60.13,60.13,59.59,59.94,2041275
59.79,60.43,59.79,60.29,1692698
60.21,61.21,60.04,61.2,1839504
61.4,61.4599,60.55,60.96,2215642
61.25,61.86,61.01,61.8,2196197
61.8,62.24,61.4,61.64,2297886
61.27,61.64,61.27,61.47,1916037
61.37,61.87,61.16,61.39,2541051
61.55,62.16,61.36,61.36,1911131
61.47,62.16,61.46,61.82,1448694
61.3,61.97,61.06,61.6,1435385
62.03,62.595,61.76,61.83,1469087
61.33,62.7,61.24,62.39,2408847
62.46,62.476,61.33,61.55,1664311
61.7,62.1,61.48,61.99,1533747
61.85,62.153,61,61.54,1589292
61.55,62.08,61.36,61.8,1846953
61.97,62.18,61.39,61.94,1433514
62.06,63.04,61.85,62.95,1509929
62.81,62.91,61.92,62.63,1579449
62.55,62.62,61.63,61.78,1934873
61.51,62.84,61.5,62.6,1635347
62.7,63.1,60.79,61.52,2087901
61.51,61.61,60.42,61.42,1967244
61.31,62.795,61.23,61.91,1751682
61.95,62.49,60.92,61.15,1302170
61.13,61.49,60.53,60.62,2154227
60.75,62.44,60.75,61.71,2049083
61.82,62.13,61.34,61.49,1204334
61.78,62.2,61,61.94,1703467
61.99,62.575,61.93,62.44,1467808
62.44,62.71,62,62.43,2178445
62.01,62.89,62.01,62.79,1023164
63.38,63.74,63.08,63.67,1302124
62.98,63.08,62.42,63.03,1495143
62.99,63.145,61.86,61.97,1451635
61.85,61.87,60.09,60.5,2658300
60.51,60.65,60.02,60.51,1521160
60.56,61.43,60.46,61.16,1256256
61.13,61.88,61,61.21,1072904
61.36,61.36,60.45,60.48,1298575
60.48,61.32,60.44,60.76,1088948
60.99,61.19,60.34,60.62,754288
60.48,60.93,60.26,60.89,1171290
61.04,61.14,58.65,58.92,2093015
58.78,59.21,58.4,59.12,1372464
59.53,59.68,58.79,59.63,2264368
59.83,59.8899,59.01,59.4,1106988
59.81,60.27,59.33,60.06,1063030
60.63,60.74,59.33,59.38,1375291
59.31,60.14,59,59.94,943672
60.17,60.63,60.04,60.36,1007078
60.77,60.82,60.01,60.57,1535703
60.62,61.42,60.38,61.39,1245486
61.2,61.86,61,61.29,1327602
61.35,61.55,60.82,61.4,703318
61.64,62.49,61.39,61.99,1499892
61.87,63.45,61.87,63,2164940
63.16,64.08,62.98,64.01,1633800
64.06,64.14,63.56,63.6,1688673
63.6,64.13,63.01,63.13,1714845
63.05,63.81,62.58,63.15,2517757
63.45,64.19,63.13,64.18,2325659
64.16,66.3,63.99,66,2602651
66.12,66.16,64.935,65.43,1960257
65.24,65.45,64.705,65.13,1854258
65.14,65.4685,64.7,65,937056
64.9,65.005,63.86,64.5,1265852
64.66,64.73,64.22,64.59,1693514
64.57,64.845,64.08,64.31,1700488
64.53,65.5,63.97,64.35,1431623
64.67,65.74,64.36,65.73,1771280
65.82,66.01,65.47,65.92,2058033
65.72,66.12,65.39,66.08,1555790
65.99,66.65,65.73,66.64,1448648
66.36,66.58,65.99,66.54,1430436
66.26,67.1,66.12,66.98,1154674
66.68,67.18,66.44,67.03,2039559
67.13,67.95,67.01,67.88,1338681
67.99,68.61,67.73,68.4,2141601
68.45,69.09,67.54,67.76,2289934
67.86,67.99,66.64,66.93,2692481
67.01,67.61,66.235,66.62,1251510
66.73,67.39,66.36,67.09,1356009
67.12,67.44,66.77,67.43,1567692
67.06,68.27,66.78,68.22,1418631
68.22,68.22,67.3499,67.44,1681039
67.48,68.06,67.25,67.27,1082864
67.39,67.61,66.28,66.32,1767942
66.15,66.65,66.08,66.13,1642749
66.45,67.1,66.32,67.03,1066949
67.18,67.43,66.93,67.24,1334881
66.86,67.02,65.8,66.23,2227566
66.47,66.75,66.2,66.44,1300118
66.43,66.97,66.31,66.8,2285149
64.42,65.91,64.08,64.93,7106613
64.89,65.05,64.27,64.84,3067475
64.08,64.67,63.88,64.09,2723586
64.35,65.68,64.06,65.67,4005191
65.68,65.728,65.03,65.38,3365892
65.35,65.55,64.105,64.34,2207515
64.09,64.3099,63.52,63.84,2043743
63.8,64.05,63.28,63.67,1899166
63.67,63.89,63.09,63.68,1745003
63.59,63.74,62.71,63.64,1800701
63.43,63.71,63.1,63.26,1447356
63.15,63.15,62.13,62.71,2189344
62.55,63.06,62.19,62.95,1814526
63.31,64.62,63.06,64.14,3076170
64.47,64.7,63.9,64.64,2970827
64.49,64.9699,64.25,64.34,1405711
64.35,64.6399,64.27,64.39,1425353
64.18,64.6,63.61,63.74,1477253
63.82,64.159,63.71,63.82,1382028
63.79,64.26,63.65,64.14,1390199
64.11,64.19,63.4,64.1,1927833
64.15,64.38,63.6,64.33,1706847
63.85,64.21,63.37,64.07,1777101
63.91,63.92,63.08,63.91,1801182
63.65,64.66,63.53,64.55,1832310
64.36,64.79,64.1,64.23,1726774
64.4,64.56,63.83,64.34,1633002
64.31,65.17,64.01,64.6,1807783
64.72,64.72,64,64.2,1780854
64.3,64.36,63.9,64.24,1694537
63.75,64.48,63.75,64,2923181
64.31,64.51,63.85,64.41,1644222
64.44,64.696,64.17,64.17,1817446
64.56,64.93,64.3,64.73,2047581
64.75,64.91,64.34,64.42,1574840
64.75,65.08,64.29,64.31,1699644
64.7,64.84,64.1,64.29,1782871
64.6,64.76,64.28,64.68,2496400
64.56,64.78,64.15,64.21,1921295
64.22,65,64.22,64.84,1495161
64.71,64.98,64.3,64.49,1528887
64.42,64.87,63.81,63.86,2293995
63.7,64.275,63.48,63.5,2924209
63.7,64.19,63.29,64.03,1531781
63.7,64.19,63.29,64.03,1531781
63.72,64.1,62.89,63.06,1468064
63.07,63.35,62.51,62.79,1464275
62.82,63.02,62.44,62.84,1581934
62.83,63.48,62.58,63.44,2028507
63.56,63.82,63.24,63.66,1831259
63.68,63.9,62.94,63.23,1805176
63.59,64.92,63.435,64.8,1941479
64.99,65.3,64.78,65.05,1667232
65.06,65.39,64.76,64.93,1477051
65.22,65.51,65.12,65.49,1442077
65.63,65.92,65.44,65.6,1457224
65.34,65.97,64.98,65.9,1527063
65.92,66.29,65.82,65.88,1233266
65.86,66.08,65.54,65.6,1298098
65.78,65.78,65.25,65.44,1061104
65.45,65.77,65.23,65.25,1813735
65.47,65.69,65.183,65.54,948052
65.33,65.89,65.27,65.83,1487833
65.89,65.99,65.62,65.78,1362666
65.81,65.89,65.21,65.41,1364603
65.74,66.09,65.49,66.04,1847291
65.95,66.26,65.595,65.93,1563007
65.92,66.32,65.73,66,1929215
65.99,66.02,65.25,65.27,1867865
65.23,65.38,64.7,64.75,1818405
63.97,64.32,63.43,63.89,2193472
63.89,64.25,63.7,64.1,1959907
63.63,63.63,60.95,61.19,5364500
61.4,61.85,61.16,61.39,3108151
61.45,62.0801,61.42,61.82,1995181
62.03,62.53,61.8,61.86,2522491
61.78,61.83,60.75,61.03,2582481
61.3,61.44,60.86,61.12,2944780
61.06,61.27,60.85,61.04,2204471
61,61.4,60.66,60.7,2338944
60.69,61.6,60.63,61.14,2896500
61.11,61.71,61.01,61.43,4215133
61.41,62.49,61.33,62.33,2688730
62.05,62.38,61.72,62.1,2050360
62.15,62.38,61.63,61.95,2507964
62,62.71,61.99,62.48,2711246
62.25,62.74,61.9,62.57,2713388
62.75,63,62.11,62.74,2292554
62.88,63.05,62.5101,62.78,2083852
62.75,63.3,62.57,62.77,2033766
62.87,63.74,62.77,63.69,2769056
63.76,64.94,63.59,64.54,3079185
65.12,66.59,64.81,65.6,3479533
65.69,66.4325,65.5,65.8,2583314
66.14,67.33,65.83,66.04,3700782
65.68,66.42,65.43,66.06,5578180
65.4,66.59,65.4,66.15,2892437
66.55,66.59,65.68,66.41,3060832
66.53,67.36,66.38,67.36,2358002
67.36,67.75,66.74,67.67,2596657
67.55,67.74,66.85,67.61,2585748
67.87,67.915,67.13,67.84,2449069
67.51,67.61,66.6,66.97,2076832
67.25,67.43,66.62,67.4,2367556
67.73,67.73,66.94,67.48,1518581
67.3,68.03,66.74,67.31,6702023
68.71,68.71,67.86,68.35,1352546
68.44,68.96,67.99,68.51,2652412
68.37,68.95,68.19,68.75,2872113
68.51,69.14,68.51,69.13,1480700
69.11,69.21,68.435,69.11,1582915
68.95,69.24,67.79,67.86,2243420
67.89,68.54,67.61,68.26,2191523
68.12,68.71,68.01,68.61,1673824
68.66,68.74,68.02,68.52,1009178
68.71,68.71,67.86,68.35,1352546
68.58,69.51,68.38,69.51,1929428
69.17,69.44,68.26,68.66,2432758
68.47,69.04,68.42,68.8,1239470
68.85,69.24,68.45,69.03,1090177
69.03,69.14,68.44,68.52,1238842
68.43,68.67,68.01,68.65,1686348
69.12,69.73,68.64,69.72,2525564
69.75,69.93,69.35,69.73,1774069
69.91,70.4,69.57,70.29,2805457
70.29,71.06,70.14,71,2551143
71.28,72.17,70.955,71.55,1188576
71.36,72.65,71.16,72.42,2183238
71.79,72.64,71.37,72.48,3390389
72.44,72.51,71.96,72.34,2018130
72.34,72.71,72.06,72.56,1836887
72.02,72.02,70.41,71.06,2620284
71.23,72.22,71.13,71.67,1826715
71.33,72.43,71.2,72.38,2363933
72.16,73.57,72,73.07,3041024
73.15,74.01,73.15,73.67,3230283
73.53,75.16,73.53,74.44,3812052
74.44,74.74,72.38,72.72,3276927
72.94,73.01,71.94,71.99,3361406
72.31,73.6187,71.98,73.25,2457029
73.22,73.22,71.0401,71.85,3482272
72.14,72.44,71.34,71.89,4105088
71.88,73.56,71.86,73.52,2638140
73.7,73.81,72.54,72.62,2473084
72.68,73.01,71.73,71.73,1479839
72.05,72.59,71.78,72.37,1111601
72.49,72.95,72.32,72.75,1539154
72.8,73.41,72.69,72.89,1782243
73.18,73.38,71.64,71.7,1474524
71.89,73.73,71.89,73.31,1987891
72.68,73.9,72.46,73.68,2795428
73.97,75.66,73.97,75.32,4307246
75.39,76.705,74.8,76.44,2984293
76.86,76.86,75.32,76.07,3676131
76.07,76.61,75.09,76.06,2180217
76.45,77.06,76.05,76.94,1803380
77,77.75,76.54,77.23,2668244
77.1,78,76.76,77.62,2636425
77.8,78.12,76.87,77.71,4257087
77.74,78.41,77.5,78,8465687
78.24,79.82,78.15,78.81,4469545
78.63,78.67,77.91,78.34,3032274
78.66,80.06,78.65,80.06,3156399
80.41,80.68,79.85,80.43,4701749
80.41,80.65,79.63,80.65,3254444
80.31,80.96,80.13,80.76,2983484
80.81,81.93,80.66,80.75,2439017
80.55,81.115,80.06,80.95,2689106
80.62,80.97,79.81,79.81,3140507
79.67,80,78.07,79.79,4142427
79.87,80.01,78.29,79.73,2772639
79.46,79.46,78.15,78.57,4092927
78.64,79.47,78.09,79.37,3153682
79.16,79.17,75.59,76.01,4240597
76.12,76.43,75.47,75.75,2697222
75.83,76.96,75.08,76.67,3681705
76.9,77.565,76,76.49,2590931
76.49,77.23,76.01,77.02,1912426
77.32,77.32,76.0101,76.61,1772330
76.76,77.88,76.26,76.49,2685447
77.04,77.86,75.61,77.85,3487277
77.42,77.61,76.23,76.34,2301575
76.27,77.8,76.23,77.43,3379247
77.53,78.34,76.98,77.58,2451758
75.88,76.37,73.83,74.54,5925935
74.57,75.48,74.27,74.43,2736455
74.37,74.78,73.47,73.78,2560486
74.19,74.535,73.16,74.47,1955263
74.54,75.81,74.43,74.68,3011949
74.37,74.85,73.55,74.53,2050069
73.98,74.255,72.8,73.03,3107757
73.53,73.94,72.82,72.9,2744042
71.32,72.19,69.44,69.91,3645071
70.31,70.45,69.7591,70,3226880
69.85,70.14,69.5,69.5,5143562
69.58,70,69.015,69.12,3064306
69.58,70.455,69.5,70.37,2417379
70.28,70.6571,69.65,70.11,1750299
70.48,71.32,70.48,70.7,1868952
70.69,71,70.24,70.29,2089763
70.29,71.99,69.81,71.5,3948940
71.21,72.42,71.17,71.86,2782399
72.38,74.07,71.85,73.73,5576383
73.83,74.97,73.61,74.06,2275993
73.87,74.37,73.38,73.38,2754134
73.39,73.73,71.99,72,2834663
71.59,72.4,71.41,71.66,3023451
71.78,72.49,71.69,72.32,2091276
72.43,73.73,72.42,73.65,1958189
73.96,74,72.8821,73.02,1878552
73.11,73.45,72.42,73.03,1488797
72.9,73.55,72.79,73.23,1353070
75.21,77.355,74.94,76.9,4659880
76.71,76.75,74.785,74.97,4043651
75.07,75.44,74.69,75.1,2091189
74.91,74.93,73.79,74.12,2819827
74.76,75.25,73.73,74.05,2069728
74.01,74.12,73.33,73.33,1577244
73.53,74.2,73.5,73.85,1336951
73.85,74.05,73.14,73.17,2164356
72.87,73.7396,72.38,73.29,1994662
72.82,73.36,72.56,72.91,2038592
72.95,73.53,72.65,73.15,1698973
73.15,73.68,72.76,72.79,1531222
72.75,73.22,72.52,72.71,1532262
72.51,73.35,72.51,73.06,1626551
74.06,74.06,72.5104,72.82,2039879
73.06,73.8,72.15,72.32,1620444
72.18,72.74,71.62,72.62,1645388
72,72.49,70.51,70.87,2565107
70.5,70.56,68.53,68.9,2751207
68.87,69.96,68.87,69.34,2121726
69.42,69.61,68.64,68.78,1892878
68.65,68.77,67.5401,67.74,3123066
68.01,68.01,66.66,67.1,3024351
67.35,68.77,67.11,68.46,2756642
69.26,70.41,69.08,69.12,2294404
68.79,69.36,67.84,67.9,1955291
67.46,68.6,66.5,68.07,2760438
68.31,68.8,66.975,67.09,1908124
67.56,68.23,67.4,68.2,1562286
68.52,69.49,68.36,69.4,3301982
69.14,69.48,68.93,69.19,1476436
68.82,69.65,68.82,69.21,1233939
69.19,69.72,68.87,68.89,1202801
69.02,69.07,67.91,68.32,1400497
68.01,68.81,67.46,68.28,1302144
68.24,68.2897,67.5,67.72,1218460
67.96,68.36,67.7,67.83,1718415
67.95,67.95,66.94,67.13,3830836
67.15,67.68,66.16,66.52,3205839
66.59,67.46,66.55,67.14,2184155
67.09,67.32,66.43,66.7,2520133
65.96,66,64.7,64.8,2583289
64.76,65.19,64.14,64.92,2542249
64.1,64.4075,62.79,63.56,4843958
63.6,64.26,63.25,63.95,2419656
63.81,63.83,63.17,63.23,1658032
63.18,64.36,63.18,63.71,1557317
64.05,64.3307,63.871,64.07,2213354
64.07,64.32,63.695,63.97,1437133
64.04,64.3862,63.56,63.56,1576912
63.58,64.48,63.47,64.18,2072195
64.15,64.625,63.49,64.4,1781505
64.58,65.64,64.5301,65.12,2046303
65.03,65.495,64.52,65.19,3408549
65.36,65.5,64.11,64.2,2253502
63.98,64.2,63.12,63.58,1721619
63.62,63.81,62.91,62.95,1810468
62.91,63,61.62,61.82,4125758
61.76,63.1399,61.64,62.79,5276056
63.01,63.53,62.34,62.38,2630728
62.74,62.84,62,62.09,1686647
62.24,62.62,61.8,62.61,2555150
62.88,63.79,62.76,62.95,2393316
62.61,63.01,62.24,62.83,3478501
63.41,64.65,63.27,64.39,4567204
63.91,64.58,63.85,64.13,2830190
64.63,65,63.97,64.09,2657907
64.29,65.03,63.77,64.55,1872570
65.11,65.44,64.1738,64.59,2357942
64.6,64.86,64.2,64.25,1557867
64.29,64.71,64.09,64.3,2192232
64.44,64.78,64.14,64.59,2112812
64.41,64.71,64.06,64.44,1711567
64.27,64.35,63.89,64.31,1698275
64.15,64.39,63.92,63.94,2589570
63.94,64.57,63.86,64.28,1817803
64.27,64.46,63.18,63.65,2164315
63.97,65.75,63.66,65.39,2764842
65.44,66.75,65.44,66.08,2383359
66.19,66.79,66.04,66.23,2255682
66.15,66.81,65.7,66.64,1756116
66.57,66.88,66.05,66.36,1964900
66.83,67.72,66.83,67.09,2210363
67,67.75,66.949,67.44,2659216
67.44,67.76,66.51,66.76,2448322
66.86,66.89,66.07,66.43,3806187
66.4,67.05,65.61,66.99,3334916
66.82,67.7,66.22,67.4,2838347
67.72,68,66.46,66.77,2291135
66.59,67.93,66.5,67.48,2475728
67.34,68.02,67.05,67.97,2643010
67.63,68.24,66.72,67.85,1831849
67.65,68.44,67.36,68.39,1623418
68.41,68.73,68.01,68.52,3089412
60.45,60.76,59.25,59.8,3423103
59.44,60.32,59.18,60.05,2676311
59.95,60.935,59.44,60.55,3521634
60.42,60.78,59.58,59.6,3279481
59.03,59.59,56.7,56.87,5076001
58.3,58.45,54.9,54.96,4406193
55.69,56.22,55.01,56.1,4180015
56.31,57.6599,55.91,57.02,4668533
57.03,57.21,56.39,56.69,2525289
56.51,56.66,54.99,55.02,4169637
54.44,54.88,53.86,54.27,3149462
54.69,55.08,54,54.45,2610151
54.81,54.93,54.27,54.45,2315642
54,54,52.8,53.1,2951237
53.67,53.9,53.124,53.61,2187242
53.91,54.0749,52.7398,52.85,2460771
52.82,53.37,52.53,52.78,2500924
52.11,52.72,52.03,52.66,3654162
52.7,52.96,52.52,52.93,3158186
53.03,53.87,52.61,53.82,2823089
53.83,55.06,53.76,54.58,2343549
54.55,56.44,54.335,55.45,3014204
54.66,57.05,54.66,56.15,4883415
56.37,56.97,56.204,56.77,2110789
56.46,56.85,55.74,56.62,2965920
56.69,57.2151,56.23,56.87,1846150
56.85,57.22,56.29,56.57,2764934
56.81,57.38,56.47,56.92,2452829
56.7,57.2,55.06,55.38,2909250
55.33,55.94,54.75,55.88,2475591
56.23,56.48,55.73,56.06,3019367
56.31,56.4,55.395,55.76,3397944
55.085,56.06,55.085,56.06,2585319
56.55,57.38,56.15,57.32,2044917
57.14,57.63,56.84,57.06,1678598
57.16,57.58,56.95,57.57,2523700
57.59,57.935,57.02,57.84,2264058
57.75,57.96,57.29,57.65,1881722
57.57,58.05,57.39,57.55,1522690
57.2,57.58,56.91,56.99,1687484
57.12,58.12,55.8,55.93,2421259
56.08,56.34,55.46,55.99,2727158
56.17,57.125,56.16,56.97,2636856
56.97,58.05,56.88,58.03,1955405
57.81,58.09,57.415,57.73,1798125
58.09,58.59,57.7,58.28,1932112
58.41,58.73,57.87,58.38,2273420
58.6,58.6,54.88,55.13,4255636
54.44,55.32,53.84,55.08,3898758
55,55.18,54.3,55.15,2613373
55.25,55.3699,53.84,54.92,3348305
54.66,54.99,54.09,54.88,2552023
54.93,55.09,53.6,53.72,3620297
53.76,54.5,53.495,54.49,2437862
54.28,54.4399,53.315,53.61,2459101
53.63,53.87,53.24,53.44,3076368
53.27,54.2,53.24,54.19,2619602
53.42,53.42,50.5,50.82,6970859
50.83,51,49.31,49.77,4156701
49.77,50.58,49.54,50.15,3467954
50.22,50.4,49.68,49.88,2277195
49.79,50.23,49.54,49.99,2476002
50.41,50.56,49.64,49.68,2544013
49.69,50.6,49.62,50.52,2154375
50.39,50.71,49.96,50.06,2203682
50.41,51.1825,50.2,51.1,2585481
51.23,51.8,50.96,51.59,2217294
51.85,52.79,51.67,52.74,3128345
52.72,53.55,52.66,53.36,3447088
53.15,53.4,52.49,52.79,2571885
52.79,53.13,52.74,53,1358366
53.1,53.85,53.01,53.67,1136811
53.76,54.3012,53.16,53.34,5118529
53.68,54.33,53.63,53.96,3773255
53.8,54.15,52.85,52.92,3263658
53.02,53.19,51.79,52.08,3449589
52.33,53.365,52.33,53.2,3073167
53.21,53.91,52.9,53.82,2847614
53.98,54.32,53.35,54.02,2647413
53.65,54.3,53.23,53.82,1752094
54,54.17,53.43,53.63,2529193
53.45,54.4,53.3,54.38,4076228
54.24,54.65,53.91,54.43,2980676
54.67,54.98,54.46,54.48,2877899
54.71,55.84,54.36,55.72,3827573
55,55.19,54.555,54.81,2083569
54.61,54.61,53.64,53.92,4255731
54.37,54.75,53.73,54.04,1986459
54.21,54.9,54.07,54.47,1741533
54.63,55.46,54.5,55.4,1694092
55.43,55.6,55.13,55.52,755719
55.6,56.01,55.3,55.86,1414020
56.12,56.705,56.01,56.51,1481391
56.49,56.91,56.36,56.63,1329877
56.65,56.945,56.26,56.43,2056231
56,56.8,55.51,56.74,2820856
56.8,58.03,56.66,57.74,2014307
57.67,57.78,56.725,57.21,2960255
56.63,57.08,56.01,56.21,2580462
56.38,56.84,56.01,56.26,3097679
56.48,56.97,56.42,56.58,3296076
56.79,56.79,55.42,55.89,2178474
56.07,56.67,54.45,54.54,2917097
54.37,55.07,54.07,54.64,2795413
53.83,54.79,53.6,54.69,2527421
55.11,55.985,54.99,55.63,2556721
55.21,55.39,51.51,52.92,5098100
53.23,54.625,52.6,54,2731611
54.78,56.35,54.43,55.5,3808712
55.5,55.88,54.82,54.98,2744279
55.03,56.12,55.03,55.94,2386315
55.66,55.95,53.59,53.79,2824077
54.09,54.73,53.55,53.79,2441332
54.45,55.98,54.07,55.32,4209351
54.86,55.95,54.425,55.48,2198419
55.32,55.48,54.33,54.76,2921683
55.11,56.43,54.7,56,2715436
55.79,56.59,55.17,56.37,1645546
56.36,56.69,55.68,56.32,2748217
56.32,56.59,52.75,53.71,4871722
52.95,53.08,49.54,50.08,5726948
50.24,51.08,49.95,50,4127622
49.31,49.57,47.85,48.72,6501644
48.75,49.91,46.87,48.43,5134563
48.76,49.86,47.935,49.72,3817981
49.82,50.94,49.73,50.48,2444697
50.52,51.96,50.2868,51.6,2126321
51.43,52.68,50.92,52.19,2765905
52.72,53.26,52.5,52.99,1590938
52.99,54.12,52.71,53.41,2183493
53.32,53.98,52.97,53.85,1662268
54.05,55.095,53.89,55.08,2104101
55.08,55.99,54.99,55.39,2114948
55.47,56.58,55.39,55.67,2823287
56.47,57.58,55.98,57.57,2101189
57.36,58.47,57.26,58.41,2159741
58.18,58.19,56.27,56.71,5490391
56.87,57.07,55.91,56.75,3461455
56.65,57.49,56.26,57.23,2181205
57.54,57.679,56.23,56.45,2153519
56.67,57.57,56.5,56.78,9920788
57.3,58.18,56.17,57.28,4589220
57.89,59.82,57.8069,59.78,11606348
59.68,60.63,59.57,60.53,3306925
60.07,60.94,59.75,60.74,2647258
60.56,61.2,59.71,61.08,2188318
61.33,62.13,60.71,62.01,2388912
62.18,62.19,61.45,61.85,4173454
61.6,62.24,61.33,61.45,3280913
61.07,61.64,60.67,61.55,2742394
61.55,61.615,60.99,61.19,2204921
60.27,61.07,59.58,60.96,2211600
61.46,61.98,61.02,61.83,2134245
61.69,63.24,61.39,63.22,2435617
63.41,63.41,62.7807,62.96,2050991
62.81,63.63,62.4795,62.96,3148584
62.73,63.37,62.39,63.23,2293562
63.44,63.84,63.18,63.58,1736053
63.45,63.69,63.05,63.54,1456615
63.34,63.5,62.03,62.08,3516135
62,62.61,61.65,62.38,2305343
62.67,62.95,62.37,62.44,1903347
62.7,63.11,62.58,62.87,1424010
63.15,63.5,62.81,63.26,1138850
63.57,63.64,62.84,63.43,1192132
63.36,63.42,62.94,63.21,1186712
63.35,63.39,62.82,63.16,2779076
62.9,63.73,62.85,63.73,1682207
63.77,64.36,63.51,63.93,1424140
63.93,63.97,62.3,62.37,1871638
62.29,62.3,59.43,59.69,3800187
60.01,60.73,59.775,60.49,2815730
60.4,61.37,60.275,61.37,1575031
61.61,62.47,61.5775,62.19,1441949
62.17,62.7,61.42,62.51,2225727
62.03,62.78,61.96,62.26,1890519
60.44,62.22,60.26,62.12,3009881
62.46,63.25,62.315,62.62,1527990
62.32,63.48,62.2,63.44,1837395
63.16,65.98,63.15,65.45,3914137
65.28,65.86,65.05,65.86,2601430
65.7,66.2,65.01,66.1,2335276
66.29,67,66.145,66.66,2605765
66.88,66.955,65.98,66.9,2118986
66.63,66.63,65.11,65.61,1954426
65.73,66.98,65.26,66.72,1361940
66.43,66.88,65.91,66.76,1926381
66.63,67.52,66.56,67.23,1799817
67.07,67.1,65.93,66.37,1622062
66.09,66.24,64.445,65.38,2319112
64.71,64.99,64.28,64.91,1994271
65.3,65.6,64.965,65.29,2113449
65.5,65.73,65.17,65.5,1654935
65.85,66.53,65.78,66.01,2802226
66.06,66.25,65.06,66.01,1278302
65.9,66.31,65.69,65.99,1149993
65.99,66.82,65.88,66.31,1238264
66.31,66.6,65.83,66.33,1930093
66.22,66.85,66.055,66.59,1646937
65.58,66,65.13,65.99,1454364
66.65,67.5,66.42,67.28,2839665
67.3,67.423,66.41,66.77,1549264
66.85,67.9,66.696,67.63,1553763
67.52,67.99,67.18,67.82,1716259
67.8,68.45,67.58,68.42,1573481
68.12,68.89,68.01,68.58,1592409
68.7,69.46,68.7,69.34,2666661
69.2,69.44,68.38,68.61,2313163
68.65,69.77,68.63,69.31,1814138
69.13,69.9,68.92,69.88,1425203
69.73,69.825,69.175,69.81,2240588
70,70.31,69.05,69.12,1822279
69.21,70.02,69.04,69.88,2115622
69.3,69.67,68.61,68.97,2342453
69.33,69.67,68.7975,68.9,1666048
67.91,70.45,67.44,69.77,5040746
69.8,71.04,69.24,71.01,2565377
71.26,72.12,70.75,72.08,2568582
72.23,72.7,71.87,72.05,3524621
72.04,72.884,71.47,72.82,2435065
73,73.54,72.69,73.2,2144385
73.23,73.83,72.96,73.81,1830656
72.63,73.35,72.57,73.14,6947801
73.23,73.29,72.04,72.15,2451969
72.58,72.97,72,72.63,2635202
72.71,73.27,71.76,73.2,2350859
73.25,73.35,71.63,71.86,2793415
72.04,72.33,71.56,72.17,2470470
72.19,72.19,70.8,70.92,2577640
71.07,72.08,70.82,72,1936511
72.3,72.65,72.1,72.59,1264159
72.83,73.05,72.35,73.05,1331276
73.19,73.19,72.72,73.08,1105985
72.84,73.33,72.55,73.31,1238729
73.16,74.27,73.16,73.88,1296613
73.88,74.19,73.64,73.98,1340899
74.02,74.34,73.36,73.71,1314527
73.63,73.78,72.82,73.54,1682213
73.43,74.81,73.38,74.52,1718513
75.09,76.8,74.8,76.16,3188764
75.85,76.57,75.82,76.56,1722390
76.07,76.325,74.31,74.45,2690089
74.35,74.375,73.35,73.71,1981932
73.8,73.88,73.421,73.78,1099513
73.89,73.89,72.635,72.73,2245739
72.7,73.01,71.96,72.64,2130139
72.7,73.88,72.0112,73.73,1850968
73.91,74.89,73.73,74.49,1652320
74.36,74.45,73.3,73.95,1561906
74.1,75.16,74,74.43,1381150
74.49,74.67,73.89,73.97,1202088
73.65,73.9,72.77,73,1227591
73.2,74.19,72.61,74.13,1580733
73.97,74.36,73.62,74.18,1108825
73.86,74.195,73.05,73.42,2137093
73.53,73.95,73.22,73.43,1757731
73.86,74.43,73.45,73.98,1887711
73.98,74.08,72.7,73.18,1301181
73.28,73.945,73.06,73.53,1174146
73.89,74.13,71.4538,72.14,1795832
72.46,73.78,72.19,73.58,1487120
73.52,73.64,72.73,73.26,1505156
73.19,73.19,72.17,72.67,2949713
72.81,72.86,72.03,72.33,1914300
72.64,74.48,72.62,73.41,1779001
73.24,74.22,72.95,74.08,2715142
74.07,74.32,73.82,74.18,1612751
73.76,73.86,72.92,72.98,3594203
72.52,72.52,68.63,68.86,3924270
68.84,70.407,68.45,69.84,2645248
68.63,69.04,66.69,67.33,3828285
67.79,68.1668,67.35,67.62,2960826
67.45,68.17,67.1435,67.96,2762936
67.64,68.12,67.06,68.04,6189641
68.18,68.7,68.11,68.63,1718353
69.03,69.53,68.97,69.24,2312886
69.31,70.29,68.29,70.07,2337048
70.6,71.5888,70.6,71.44,1863098
71.41,72.53,70.74,72.22,2726567
71.97,73.2,71.8,72.86,2264755
73.1,73.23,71.86,71.96,2736018
72.25,73.03,71.87,72.93,1943255
72.41,72.6122,71.29,71.91,1962820
72.41,72.98,70.59,70.63,2539974
70.17,70.3951,68.89,69.19,2157851
69.16,69.16,67.55,68.14,2449154
68.43,68.77,66.85,67.43,3169929
67.43,68.05,66.36,66.99,2117926
67.45,68.36,66.82,66.95,1910441
66.97,67.57,66.64,66.76,1349096
66.65,67.15,66.12,66.31,1590055
66.4,66.81,66.31,66.5,2589453
66.13,67.415,66.01,66.72,3147604
66.45,67.32,65.8,66.71,1652006
66.98,67.48,66.71,66.88,1331478
67.4,67.99,67.18,67.66,1369849
67.68,68.1,67.39,67.95,1200689
68.98,68.98,68.28,68.69,1161550
68.3,68.59,68,68.36,920506
68.7,69.38,68.06,68.86,1029231
68.84,68.99,68.3,68.8,1145196
68.36,68.52,67.37,68.02,1313226
67.78,68.01,65.95,66.4,1699762
66.92,67.58,66.46,66.8,1215554
67.05,67.97,66.66,67.75,1800686
67.58,67.58,64.93,65.14,3023887
65.11,65.11,63.23,63.24,3593420
63.24,63.24,61.54,61.84,2655904
62.08,63.66,61.66,63.42,3072220
64.08,64.4,63.27,64.33,2166911
62.5,63.32,61.33,63.09,3743446
61.86,62,59,60.52,4019572
60.38,60.38,56.2,57.86,6090077
58.32,59.6,58.01,58.75,2989426
58.56,61.37,57.95,61.03,4141011
61.29,62.0758,60.28,60.79,2495391
60.83,61.37,60.4,60.58,2218822
60.66,61.1,59.2,59.57,1967595
59.81,60.27,59.31,59.9,2096384
59.9,60.28,59.18,59.34,2150646
59.62,60.66,59.35,60.56,1907002
60.28,60.28,59.18,59.95,1687427
60.19,60.78,60.04,60.24,826974
60.15,60.89,59.96,60.4,2114836
60.61,61.67,60.36,61.07,1940484
60.43,60.73,59.59,60.42,4407531
59.86,59.92,57.97,58.38,2401061
58.82,60.35,58.57,59.36,2455074
59.37,59.85,58.75,59.71,1676938
59.84,60.2999,59.47,60.01,1395117
60.21,62.23,60.19,62.2,2589929
61.98,62.85,61.75,62.61,2103459
62.75,63.9,62.31,62.46,2130767
62.3,63.26,62.02,63.08,3171301
63.38,63.55,62.47,63.22,2742571
63.31,63.5,60.95,61.19,2858962
60.97,61.35,59.89,60.21,3320847
60.32,61.36,59.99,61.13,5641250
61.48,62.27,61.36,61.79,2178985
61.7,62.34,61.35,61.93,2063584
62.02,62.54,61.13,61.15,2606652
61.04,61.3,60.2,61.17,1388820
61.29,61.52,60.41,60.86,1035070
60.96,61.62,60.7,61.53,1347267
61.67,61.67,60.58,61.16,1228463
61.25,61.95,60.93,61.73,1519061
61.87,62.69,61.77,62.52,1741973
62.29,62.33,61.53,62.13,2400008
62.17,62.72,62.15,62.61,2172869
62.37,63.47,61.78,63.17,2516727
63.06,63.37,62.82,63.05,1934261
63.24,63.7,62.8,63.45,1533404
62.78,62.78,60.81,61.16,2859883
61.32,62.06,60.89,61.42,1879413
61.32,61.65,60.5,61.48,1691647
61.36,61.69,61.13,61.6,1391464
61.89,62.57,61.52,62.03,1500560
62.07,62.715,62.05,62.22,1747943
61.91,62,61.03,61.3,1310229
61.39,62.11,61.24,61.9,1415505
61.91,62.24,61.61,61.93,1855987
61.93,62.48,61.69,61.99,1765326
61.87,62.39,61.11,61.27,1183374
61.29,61.625,60.91,60.97,1023358
61.25,61.54,60.81,61.08,1371227
61.18,61.67,60.56,61.43,1536157
61.47,62.38,61.44,61.67,2535241
61.61,61.975,60.6,60.64,1316360
60.65,61.94,60.6,61.72,1682017
62.22,62.41,61.42,61.65,2007610
61.64,62.045,61.34,61.99,1093993
61.99,62.27,61.65,61.81,1552630
62.06,62.45,61.81,62.25,1343406
62.2,62.43,61.5,61.8,2206860
61.8,62.05,61.04,61.77,2049891
61.86,62.9,61.66,62.8,1700927
62.8,62.8,61.5,61.64,1668825
61.41,61.87,60.8,61.68,1263503
61.97,63,61.83,62.57,1722183
62.7,62.78,61.61,62.16,2153137
62.25,62.9923,61.7898,62.8,1925947
63.01,63.8,62.48,62.72,1975048
63.17,63.69,62.988,63.5,2186052
63.57,65,63.11,64.98,2316472
65.02,65.89,64.95,65.41,1748935
65.41,65.68,64.94,65.05,2108863
64.62,64.9,63.9,64.21,2111529
64.22,64.94,63.54,64.9,2746733
63.8,63.8,62.79,63.66,1571777
63.36,63.49,62.6078,62.71,1825363
62.67,62.795,62.23,62.67,1745502
62.35,62.5,61.03,61.11,1658401
61.17,61.36,59.87,60.07,2694151
60.46,60.99,59.8824,60.5,1937182
60.63,60.93,59.43,59.73,2374527
59.63,59.77,59.05,59.36,2174032
59.03,60.55,58.96,60.2,2884922
60.13,60.66,59.95,60.46,1337927
60.49,61.21,60.2,60.51,2448026
60.68,61.19,60.45,60.53,1271744
60.69,61.05,60.44,60.77,2513393
61.06,62.6799,61.01,62.45,3785664
62.35,63.67,62.245,63.21,3484058
63.3,63.94,63.05,63.83,2825782
63.84,64.61,63.8,64.08,2374971
64.08,64.81,63.84,64.69,2971200
64.56,64.825,64.35,64.66,1737691
64.44,64.6,63.84,64.5,2211359
64.32,65.11,63.89,65.04,2530460
65.07,65.18,64.64,65.1,1530199
65.04,65.23,64.17,64.19,2206712
64.3,65.07,64.1,64.58,1452285
64.56,64.92,64.1,64.71,1602461
64.66,65.38,64.66,64.87,2199220
64.92,65.28,64.7,65.16,1607322
65.21,65.64,64.95,65.47,1228392
65.47,65.79,65.22,65.64,1162904
65.43,65.8,64.99,65.06,1107393
65.32,65.84,65.1,65.84,1274000
65.84,66.95,65.67,66.79,2227171
66.74,66.89,66.09,66.41,2293571
66.37,66.4,65.63,65.95,2695604
65.82,66.29,65.75,65.78,1655488
66.12,66.2,63.67,64.63,2790789
64.75,64.95,64.424,64.68,1897099
64.57,64.63,63.985,64.01,1853828
64.13,64.76,63.94,64.12,1331795
64.14,64.77,62.83,64.01,2503395
64.23,64.555,63.54,63.97,1699228
63.99,64.18,63.46,63.67,1685248
63.83,63.93,62.45,62.79,2132818
62.5,62.735,61.49,62.65,2160604
62.77,63.76,62.73,63.75,1448022
63.93,63.95,63.315,63.53,1973715
63.45,63.52,62.25,62.63,1683141
62.68,64.17,62.585,64.02,1947924
63.68,65.05,63.36,64.97,2091418
65.13,65.69,64.973,65.67,1981260
65.7,66.39,65.19,65.23,1647314
65.31,65.48,64.74,65.02,1179316
65.09,67.12,64.92,66.32,2740775
66.41,67.57,66,67.43,2314656
67.44,67.48,66.62,67.14,2104193
67.14,67.38,66.77,67.25,2212079
67.4,67.95,67.06,67.5,1333885
67.52,68,67.52,67.78,1022048
67.89,67.9,67.23,67.24,1262855
67.24,67.575,66.27,66.58,1573067
66.56,66.87,66.21,66.54,1107859
66.54,67.04,66.47,66.49,2804082
66.55,66.98,65.88,66.87,1656357
66.44,67.2299,66.33,67.1,1480355
66.91,67.05,66.3,66.95,816175
67.04,67.12,66.52,66.57,779094
66.58,66.9296,66.36,66.74,1489402
66.93,66.93,65.775,66.58,1070143
66.46,67.11,66.1328,66.87,1190244
66.87,68.23,66.78,68.17,2373380
67.99,68.32,67.71,68.26,1837320
68.85,69.62,68.55,68.7,2097476
68.34,69.47,68.18,69.04,2394680
69.22,69.95,68.76,69.52,2982083
69.65,69.76,69.03,69.75,1885357
69.78,70.4,69.44,70.34,2118951
70.4,70.76,70.02,70.74,2420026
70.61,71.5,70.3,71.18,1746926
70.9,71.95,70.8,71.72,3820473
71.73,72.19,71.51,71.93,1626649
71.95,72.36,71.131,71.17,1696293
71.12,71.56,70.63,71.1,1786036
70.35,70.7,69.1,69.21,1929347
69.37,69.9,69.25,69.48,1339944
69.67,70.18,69.11,69.98,1032817
69.89,70,68.69,69.18,1912292
68.89,68.91,67.53,67.61,1667965
67.61,67.69,66.7745,67.47,1403028
67.5,67.66,66.92,66.94,1058659
67.06,67.21,66.42,66.92,1094562
67.32,68.35,67.32,67.8,1179514
67.79,67.97,67.46,67.52,763385
67.88,68.48,67.74,68.05,1025938
68.01,68.8,67.94,68.8,1149577
68.84,69.05,68.34,68.66,1355885
68.67,68.91,68.25,68.53,1303446
68.73,68.88,68.36,68.4,1336720
68.35,68.66,68.05,68.65,1323790
68.65,68.92,67.73,68.05,1904410
67.97,67.99,67.03,67.9,1546280
67.9,68.35,67.56,68.08,779463
67.75,67.99,66.9,67.41,1196887
67.39,67.52,66.5601,67.12,1326824
67.11,67.52,66.57,67.35,2136216
66.39,66.61,65.77,65.81,1117516
65.86,66.03,65.37,66.02,1922228
66.04,66.69,65.75,66.45,1584168
66.39,66.61,65.77,65.81,1117516
65.81,66.24,65.52,65.65,1163813
65.46,65.74,65.15,65.46,1270703
65.36,65.67,64.91,65.62,1935781
65.55,65.6491,64.77,64.8,999306
65.11,65.11,64.39,64.95,1222611
65.16,66.26,64.965,66.13,1242835
65.96,66.18,65.26,66.18,1489427
66,66.82,66,66.59,1577308
66.57,66.84,66.17,66.53,1516949
66.5,66.5,65.94,66.12,1657508
66.24,67.64,65.9,67.45,1473884
67.41,67.6,66.43,66.91,1417456
66.89,67.75,66.69,67.54,1299254
67.5,68.09,67.42,67.77,1836946
68,68.25,67.74,67.89,1167369
67.9,68.15,67.31,67.51,828195
67.63,68.15,67.54,67.79,1315173
67.51,68.16,67.48,68.13,1005162
68.19,68.64,68.19,68.44,1741117
68.47,69.25,68.47,68.78,1090785
68.87,69.22,68.67,68.93,1137660
69.19,69.3899,68.31,68.35,1453646
68.55,69.12,68.32,69.03,1160110
68.88,69.92,68.79,69.47,1684838
68.83,69.38,68.42,69.38,1305853
69.26,69.55,68.12,68.53,926617
68.41,68.62,68.13,68.39,1164472
68.41,68.97,67.93,68.94,1090504
69.1,69.53,68.73,69.36,2696502
69.4,69.5,68.39,68.88,1112688
68.98,69.12,68.055,68.2,1829183
68.42,68.641,67.4,68.07,1682356
68,68.29,67.41,67.52,1301090
67.18,67.54,65.85,66.04,1901963
66.04,66.88,66.04,66.62,1193809
66.42,66.67,65.9,66.16,1249284
66,66.14,64.47,65.11,2006876
64.98,65.49,64.94,65.41,1103872
65.21,65.68,64.92,65.13,1561294
65.27,65.42,63.86,63.89,1978189
63.92,64.26,63.36,63.68,2215092
63.74,63.855,63.38,63.65,2433953
63.84,64,63.24,63.31,1747332
62.83,63.42,62.45,63.34,1816092
63.46,63.7,63.15,63.31,1072911
63.4,63.7,62.87,63.26,2083184
63.17,63.58,62.91,63.05,1719587
63.03,63.15,62.37,63.08,1933055
63.29,63.52,62.69,63.36,1851105
63.42,63.54,62.9,63.14,1486069
63,63.26,62.58,63.2,1684803
63.15,63.47,62.76,63.31,1214336
63.35,63.6,63,63.02,918516
63.1,63.1,62.53,63,1428655
63.16,63.16,62.32,62.5,1481929
62.5,62.62,61.715,61.82,2133133
61.7,61.99,60.82,61.49,1728184
62,62,60.96,61.1,1807155
61.03,63.1,60.9,62.5,2273056
62.73,63.3,62.52,63.25,1986271
63.16,63.25,62.11,62.75,2481644
62.86,63.51,62.57,63.07,1456187
63.24,64.18,63.17,63.84,1699620
63.5,64.55,63.485,64.1,1243928
64.09,64.63,63.98,64.09,1323622
64.18,64.59,64.01,64.33,1439170
64.4,64.8,64.31,64.65,1256877
64.57,65.4,64.545,64.81,931321
64.27,65.19,64.26,64.91,928765
65.17,65.44,64.9,65.39,1291802
65.34,65.72,64.98,65.04,1666121
65.09,65.2442,64.32,64.38,1624634
64.35,65.05,64.13,64.51,1656719
64.27,64.75,64.16,64.4,1543019
64.53,64.68,64.08,64.25,1403697
64.34,64.75,64.3,64.32,1535057
64.31,64.565,64.09,64.24,1445059
64.44,64.93,64.37,64.68,598361
64.83,64.83,63.83,63.86,1276471
64.01,64.15,63.42,63.61,1469895
63.33,64.17,63.101,64.07,1465686
64.14,64.535,63.66,64.01,2327450
64.21,64.94,64.08,64.81,1654006
64,64.51,62.59,62.82,3399106
62.84,63.14,62.6,62.73,2305687
62.87,63.04,62.34,62.99,1412082
63.04,63.63,62.66,63.53,1339513
63.53,63.76,63.14,63.31,1282340
63.11,63.54,62.855,63.32,1127212
63.47,64.26,63.33,63.82,1399423
64.11,64.4,63.72,63.87,1428337
63.85,63.96,63.44,63.46,1433797
63.75,64.485,63.72,64.25,3190213
64.65,64.965,64.32,64.39,1345423
64.19,64.44,61.73,61.83,2133305
61.82,61.98,60.62,60.69,2714125
60.7,60.92,59.705,59.84,2480567
60.15,60.33,59.775,60.14,1813059
60.13,60.53,60.05,60.18,1156977
60.42,60.53,60.04,60.14,1454123
60.22,60.56,59.91,60.43,1515043
59.75,60.49,59.61,60.01,1549293
60.08,60.49,59.71,59.76,1905388
59.93,60.22,59.66,60.12,1886936
60.05,60.05,58.49,58.65,2570727
58.8,58.94,57.9,58.35,2454297
58.35,58.65,58.03,58.45,1862531
58.37,58.375,57.3134,57.69,2950276
57.56,57.6,56.7,56.84,2219894
56.84,57.125,56.09,56.23,2550354
56.16,56.16,54.77,54.83,4282619
55.11,56.14,54.45,54.52,3710265
54.73,55,54.3,54.98,4527514
54.78,54.87,54.1,54.38,3218297
54.49,54.52,53.75,54.47,2612746
54.46,54.86,54.3,54.49,2587138
54.82,55.96,54.5,55.95,2761060
55.92,56.2,55.68,55.89,2839712
55.86,56.46,55.81,56.41,2990393
56.71,56.71,55.44,55.89,2193360
55.6,55.68,54.52,55.53,2062591
55.82,56.1,54.65,54.65,2145472
54.8,55.98,54.61,55.97,3898823
55.93,56.19,54.24,54.4,2715228
53.91,55,53.52,54.33,2815322
54.14,54.98,52.78,52.88,3216186
52.32,53.36,51.8,53.19,3689496
53.13,54.12,52.82,52.97,3266384
